curve_id,Vr,Va,observed,predicted,residual
1,0.0,0.0,0.0,0.13404391705989838,-0.13404391705989838
1,0.0,0.5,0.0,0.13671791553497314,-0.13671791553497314
1,0.0,1.0,0.0,0.14058037102222443,-0.14058037102222443
1,0.0,1.5,0.0,0.14582297205924988,-0.14582297205924988
1,0.0,2.0,0.0,0.1525990068912506,-0.1525990068912506
1,0.0,2.5,0.0,0.16116079688072205,-0.16116079688072205
1,0.0,3.0,0.0,0.17191632091999054,-0.17191632091999054
1,0.0,3.5,0.0,0.18506866693496704,-0.18506866693496704
1,0.0,4.0,0.0,0.20023934543132782,-0.20023934543132782
1,0.0,4.5,0.003000000026077032,0.2167324423789978,-0.21373244235292077
1,0.0,5.0,0.008999999612569809,0.2339307814836502,-0.2249307818710804
1,0.0,5.5,0.017999999225139618,0.2514176368713379,-0.23341763764619827
1,0.0,6.0,0.032999999821186066,0.26895689964294434,-0.23595689982175827
1,0.0,6.5,0.05400000140070915,0.2837204933166504,-0.22972049191594124
1,0.0,7.0,0.08299999684095383,0.29646044969558716,-0.21346045285463333
1,0.0,7.5,0.11900000274181366,0.30756694078445435,-0.18856693804264069
1,0.0,8.0,0.16200000047683716,0.3165549039840698,-0.15455490350723267
1,0.0,8.5,0.210999995470047,0.32321634888648987,-0.11221635341644287
1,0.0,9.0,0.2619999945163727,0.32738685607910156,-0.06538686156272888
1,0.0,9.5,0.31299999356269836,0.3292391896247864,-0.016239196062088013
1,0.0,10.0,0.3619999885559082,0.3293679356575012,0.03263205289840698
1,0.0,10.5,0.40799999237060547,0.3288074731826782,0.07919251918792725
1,0.0,11.0,0.44999998807907104,0.32895731925964355,0.12104266881942749
1,0.0,11.5,0.4860000014305115,0.3314145803451538,0.15458542108535767
1,0.0,12.0,0.5170000195503235,0.3377373218536377,0.1792626976966858
1,0.0,12.5,0.5450000166893005,0.34918859601020813,0.1958114206790924
1,0.0,13.0,0.5690000057220459,0.3665194809436798,0.2024805247783661
1,0.0,13.5,0.5809999704360962,0.38984352350234985,0.19115644693374634
1,0.0,14.0,0.6000000238418579,0.41863131523132324,0.18136870861053467
1,0.0,14.5,0.6159999966621399,0.4518209993839264,0.1641789972782135
1,0.0,15.0,0.6290000081062317,0.4880135953426361,0.14098641276359558
1,0.0,15.5,0.6420000195503235,0.5257019996643066,0.11629801988601685
1,0.0,16.0,0.6449999809265137,0.5634847283363342,0.08151525259017944
1,0.0,16.5,0.6480000019073486,0.6002233028411865,0.04777669906616211
1,0.0,17.0,0.6470000147819519,0.6351271867752075,0.011872828006744385
1,0.0,17.5,0.656000018119812,0.6677659749984741,-0.01176595687866211
1,0.0,18.0,0.6650000214576721,0.6922385692596436,-0.027238547801971436
1,0.0,18.5,0.671999990940094,0.7077821493148804,-0.03578215837478638
1,0.0,19.0,0.6779999732971191,0.7189933061599731,-0.040993332862854004
1,0.0,19.5,0.6830000281333923,0.7247211933135986,-0.0417211651802063
1,0.0,20.0,0.6880000233650208,0.7248257398605347,-0.036825716495513916
1,0.0,20.5,0.6919999718666077,0.7199338674545288,-0.027933895587921143
1,0.0,21.0,0.6959999799728394,0.7109999656677246,-0.014999985694885254
1,0.0,21.5,0.7009999752044678,0.699256420135498,0.0017435550689697266
1,0.0,22.0,0.7070000171661377,0.6869063377380371,0.020093679428100586
1,0.0,22.5,0.7160000205039978,0.6770765781402588,0.038923442363739014
1,0.0,23.0,0.7260000109672546,0.6724061965942383,0.05359381437301636
1,0.0,23.5,0.7390000224113464,0.6751362085342407,0.06386381387710571
1,0.0,24.0,0.7549999952316284,0.6867176294326782,0.0682823657989502
1,0.0,24.5,0.7799999713897705,0.7075670957565308,0.07243287563323975
1,0.0,25.0,0.8090000152587891,0.7370312213897705,0.07196879386901855
1,0.0,25.5,0.8330000042915344,0.7735723257064819,0.05942767858505249
1,0.0,26.0,0.859000027179718,0.8151155710220337,0.043884456157684326
1,0.0,26.5,0.8889999985694885,0.8594615459442139,0.029538452625274658
1,0.0,27.0,0.9169999957084656,0.904654860496521,0.01234513521194458
1,0.0,27.5,0.9440000057220459,0.9492275714874268,-0.005227565765380859
1,0.0,28.0,0.9710000157356262,0.9922763109207153,-0.02127629518508911
1,0.0,28.5,0.996999979019165,1.0333993434906006,-0.03639936447143555
1,0.0,29.0,1.0219999551773071,1.07253897190094,-0.05053901672363281
1,0.0,29.5,1.0479999780654907,1.1017823219299316,-0.05378234386444092
1,0.0,30.0,1.0679999589920044,1.1207562685012817,-0.052756309509277344
1,0.0,30.5,1.0820000171661377,1.132335901260376,-0.05033588409423828
1,0.0,31.0,1.0989999771118164,1.1381038427352905,-0.03910386562347412
1,0.0,31.5,1.1059999465942383,1.1371897459030151,-0.031189799308776855
1,0.0,32.0,1.1089999675750732,1.1290090084075928,-0.02000904083251953
1,0.0,32.5,1.1109999418258667,1.1142792701721191,-0.0032793283462524414
1,0.0,33.0,1.1109999418258667,1.095990777015686,0.015009164810180664
1,0.0,33.5,1.1130000352859497,1.0772451162338257,0.03575491905212402
1,0.0,34.0,1.1160000562667847,1.0617685317993164,0.05423152446746826
1,0.0,34.5,1.125,1.0533525943756104,0.07164740562438965
1,0.0,35.0,1.1430000066757202,1.0552340745925903,0.08776593208312988
1,0.0,35.5,1.2039999961853027,1.0686752796173096,0.13532471656799316
1,0.0,36.0,1.2300000190734863,1.0942997932434082,0.13570022583007812
1,0.0,36.5,1.2619999647140503,1.1316512823104858,0.13034868240356445
1,0.0,37.0,1.2990000247955322,1.1782517433166504,0.12074828147888184
1,0.0,37.5,1.340999960899353,1.230778455734253,0.1102215051651001
1,0.0,38.0,1.3739999532699585,1.285642385482788,0.08835756778717041
1,0.0,38.5,1.4040000438690186,1.3395605087280273,0.06443953514099121
1,0.0,39.0,1.430999994277954,1.3900024890899658,0.04099750518798828
1,0.0,39.5,1.4570000171661377,1.435446858406067,0.0215531587600708
1,0.0,40.0,1.4789999723434448,1.4754310846328735,0.003568887710571289
1,0.0,40.5,1.496999979019165,1.5104111433029175,-0.013411164283752441
1,0.0,41.0,1.5119999647140503,1.5314059257507324,-0.01940596103668213
1,0.0,41.5,1.5210000276565552,1.5450853109359741,-0.024085283279418945
1,0.0,42.0,1.524999976158142,1.5459222793579102,-0.020922303199768066
1,0.0,42.5,1.5199999809265137,1.5427281856536865,-0.02272820472717285
1,0.0,43.0,1.5169999599456787,1.5351459980010986,-0.018146038055419922
1,0.0,43.5,1.5099999904632568,1.523335576057434,-0.013335585594177246
1,0.0,44.0,1.4989999532699585,1.5082257986068726,-0.009225845336914062
1,0.0,44.5,1.4889999628067017,1.4912891387939453,-0.0022891759872436523
1,0.0,45.0,1.4869999885559082,1.4741533994674683,0.012846589088439941
1,0.0,45.5,1.496000051498413,1.4614319801330566,0.034568071365356445
1,0.0,46.0,1.5199999809265137,1.4564534425735474,0.06354653835296631
1,0.0,46.5,1.562000036239624,1.4621278047561646,0.09987223148345947
1,0.0,47.0,1.6130000352859497,1.4803754091262817,0.13262462615966797
1,0.0,47.5,1.6679999828338623,1.51172935962677,0.15627062320709229
1,0.0,48.0,1.7200000286102295,1.5552239418029785,0.16477608680725098
1,0.0,48.5,1.7690000534057617,1.60858952999115,0.16041052341461182
1,0.0,49.0,1.805999994277954,1.6686984300613403,0.13730156421661377
1,0.0,49.5,1.8389999866485596,1.7309812307357788,0.10801875591278076
1,0.0,50.0,1.8669999837875366,1.7924607992172241,0.0745391845703125
1,0.0,50.5,1.8899999856948853,1.8509409427642822,0.03905904293060303
1,0.0,51.0,1.9119999408721924,1.9043607711791992,0.007639169692993164
1,0.0,51.5,1.9290000200271606,1.9515256881713867,-0.022525668144226074
1,0.0,52.0,1.940999984741211,1.9920098781585693,-0.0510098934173584
1,0.0,52.5,1.9479999542236328,2.015000581741333,-0.0670006275177002
1,0.0,53.0,1.9479999542236328,2.029405355453491,-0.0814054012298584
1,0.0,53.5,1.944000005722046,2.0277554988861084,-0.0837554931640625
1,0.0,54.0,1.9329999685287476,2.015209436416626,-0.08220946788787842
1,0.0,54.5,1.9170000553131104,1.9955096244812012,-0.07850956916809082
1,0.0,55.0,1.8980000019073486,1.9698114395141602,-0.07181143760681152
1,0.0,55.5,1.88100004196167,1.9403626918792725,-0.05936264991760254
1,0.0,56.0,1.871999979019165,1.9104028940200806,-0.03840291500091553
1,0.0,56.5,1.8769999742507935,1.883878469467163,-0.006878495216369629
1,0.0,57.0,1.9010000228881836,1.8649358749389648,0.03606414794921875
1,0.0,57.5,1.944000005722046,1.8555186986923218,0.08848130702972412
1,0.0,58.0,2.003999948501587,1.8603037595748901,0.14369618892669678
1,0.0,58.5,2.0759999752044678,1.8806408643722534,0.19535911083221436
1,0.0,59.0,2.132999897003174,1.916275978088379,0.21672391891479492
1,0.0,59.5,2.187000036239624,1.9653770923614502,0.22162294387817383
1,0.0,60.0,2.2300000190734863,2.024839162826538,0.20516085624694824
1,0.0,60.5,2.2690000534057617,2.0908150672912598,0.17818498611450195
1,0.0,61.0,2.3010001182556152,2.159327268600464,0.14167284965515137
1,0.0,61.5,2.325000047683716,2.2268524169921875,0.09814763069152832
1,0.0,62.0,2.3440001010894775,2.2907297611236572,0.05327033996582031
1,0.0,62.5,2.3589999675750732,2.3493497371673584,0.009650230407714844
1,0.0,63.0,2.36899995803833,2.4021100997924805,-0.03311014175415039
1,0.0,63.5,2.375999927520752,2.4478046894073486,-0.07180476188659668
1,0.0,64.0,2.378000020980835,2.475797176361084,-0.09779715538024902
1,0.0,64.5,2.375999927520752,2.4959793090820312,-0.1199793815612793
1,0.0,65.0,2.36899995803833,2.506281852722168,-0.1372818946838379
1,0.0,65.5,2.3559999465942383,2.498648166656494,-0.14264822006225586
1,0.0,66.0,2.3359999656677246,2.482271909713745,-0.1462719440460205
1,0.0,66.5,2.315000057220459,2.456838607788086,-0.14183855056762695
1,0.0,67.0,2.2990000247955322,2.42337703704834,-0.12437701225280762
1,0.0,67.5,2.2899999618530273,2.384446620941162,-0.09444665908813477
1,0.0,68.0,2.296999931335449,2.3440775871276855,-0.04707765579223633
1,0.0,68.5,2.325000047683716,2.3073761463165283,0.0176239013671875
1,0.0,69.0,2.371999979019165,2.2798643112182617,0.09213566780090332
1,0.0,69.5,2.433000087738037,2.2666330337524414,0.1663670539855957
1,0.0,70.0,2.499000072479248,2.2696564197540283,0.22934365272521973
1,0.0,70.5,2.562000036239624,2.2920308113098145,0.26996922492980957
1,0.0,71.0,2.621000051498413,2.3334274291992188,0.28757262229919434
1,0.0,71.5,2.6700000762939453,2.391040086746216,0.2789599895477295
1,0.0,72.0,2.7119998931884766,2.460447072982788,0.2515528202056885
1,0.0,72.5,2.747999906539917,2.5364036560058594,0.21159625053405762
1,0.0,73.0,2.7769999504089355,2.61371111869812,0.16328883171081543
1,0.0,73.5,2.7990000247955322,2.687985897064209,0.11101412773132324
1,0.0,74.0,2.815999984741211,2.75616192817688,0.059838056564331055
1,0.0,74.5,2.828000068664551,2.8166697025299072,0.011330366134643555
1,0.0,75.0,2.8380000591278076,2.8693039417266846,-0.03130388259887695
1,0.0,75.5,2.8450000286102295,2.902057647705078,-0.05705761909484863
1,0.0,76.0,2.8440001010894775,2.9258522987365723,-0.08185219764709473
1,0.0,76.5,2.8399999141693115,2.942971706390381,-0.10297179222106934
1,0.0,77.0,2.8289999961853027,2.9425766468048096,-0.11357665061950684
1,0.0,77.5,2.812999963760376,2.9302902221679688,-0.11729025840759277
1,0.0,78.0,2.7939999103546143,2.9103214740753174,-0.11632156372070312
1,0.0,78.5,2.7780001163482666,2.8834385871887207,-0.1054384708404541
1,0.0,79.0,2.7679998874664307,2.8509998321533203,-0.08299994468688965
1,0.0,79.5,2.7690000534057617,2.8155601024627686,-0.046560049057006836
1,0.0,80.0,2.7890000343322754,2.7807211875915527,0.008278846740722656
2,4.0,0.0,0.0,0.07565934956073761,-0.07565934956073761
2,4.0,0.5,0.0,0.07682517915964127,-0.07682517915964127
2,4.0,1.0,0.0,0.07908450812101364,-0.07908450812101364
2,4.0,1.5,0.0,0.08268136531114578,-0.08268136531114578
2,4.0,2.0,0.0,0.08775962889194489,-0.08775962889194489
2,4.0,2.5,0.0,0.09443511068820953,-0.09443511068820953
2,4.0,3.0,0.0,0.10292796790599823,-0.10292796790599823
2,4.0,3.5,0.0,0.11351196467876434,-0.11351196467876434
2,4.0,4.0,0.0,0.12613442540168762,-0.12613442540168762
2,4.0,4.5,0.0,0.14029833674430847,-0.14029833674430847
2,4.0,5.0,0.0,0.15538853406906128,-0.15538853406906128
2,4.0,5.5,0.0010000000474974513,0.17091631889343262,-0.16991631884593517
2,4.0,6.0,0.0020000000949949026,0.1865699589252472,-0.1845699588302523
2,4.0,6.5,0.006000000052154064,0.20143698155879974,-0.19543698150664568
2,4.0,7.0,0.017000000923871994,0.21265140175819397,-0.19565140083432198
2,4.0,7.5,0.03500000014901161,0.2223188728094101,-0.18731887266039848
2,4.0,8.0,0.061000000685453415,0.22985811531543732,-0.1688581146299839
2,4.0,8.5,0.0949999988079071,0.23498329520225525,-0.13998329639434814
2,4.0,9.0,0.13600000739097595,0.23739571869373322,-0.10139571130275726
2,4.0,9.5,0.18299999833106995,0.2370462566614151,-0.054046258330345154
2,4.0,10.0,0.23100000619888306,0.23430615663528442,-0.003306150436401367
2,4.0,10.5,0.28200000524520874,0.2300383746623993,0.05196163058280945
2,4.0,11.0,0.32899999618530273,0.2255813181400299,0.10341867804527283
2,4.0,11.5,0.3709999918937683,0.22262509167194366,0.14837490022182465
2,4.0,12.0,0.4090000092983246,0.22298918664455414,0.18601082265377045
2,4.0,12.5,0.4390000104904175,0.22834111750125885,0.21065889298915863
2,4.0,13.0,0.460999995470047,0.23991623520851135,0.22108376026153564
2,4.0,13.5,0.4819999933242798,0.25830578804016113,0.22369420528411865
2,4.0,14.0,0.5040000081062317,0.2833634316921234,0.22063657641410828
2,4.0,14.5,0.5249999761581421,0.3142493665218353,0.21075060963630676
2,4.0,15.0,0.5419999957084656,0.349595844745636,0.1924041509628296
2,4.0,15.5,0.5569999814033508,0.38774797320365906,0.16925200819969177
2,4.0,16.0,0.5690000057220459,0.42702147364616394,0.14197853207588196
2,4.0,16.5,0.5789999961853027,0.4659251272678375,0.11307486891746521
2,4.0,17.0,0.5889999866485596,0.503308892250061,0.08569109439849854
2,4.0,17.5,0.5979999899864197,0.538428544998169,0.05957144498825073
2,4.0,18.0,0.6050000190734863,0.5688721537590027,0.03612786531448364
2,4.0,18.5,0.6110000014305115,0.587757408618927,0.023242592811584473
2,4.0,19.0,0.6159999966621399,0.5995430946350098,0.016456902027130127
2,4.0,19.5,0.6200000047683716,0.6058378219604492,0.014162182807922363
2,4.0,20.0,0.6209999918937683,0.6050354242324829,0.0159645676612854
2,4.0,20.5,0.6200000047683716,0.5980255603790283,0.02197444438934326
2,4.0,21.0,0.6190000176429749,0.585418164730072,0.03358185291290283
2,4.0,21.5,0.6169999837875366,0.5687112212181091,0.04828876256942749
2,4.0,22.0,0.6150000095367432,0.5491406321525574,0.06585937738418579
2,4.0,22.5,0.6119999885559082,0.5305837392807007,0.08141624927520752
2,4.0,23.0,0.6119999885559082,0.5163094997406006,0.09569048881530762
2,4.0,23.5,0.6159999966621399,0.5093377232551575,0.10666227340698242
2,4.0,24.0,0.625,0.5120108723640442,0.11298912763595581
2,4.0,24.5,0.6309999823570251,0.52558434009552,0.10541564226150513
2,4.0,25.0,0.640999972820282,0.5500301718711853,0.09096980094909668
2,4.0,25.5,0.6570000052452087,0.584105372428894,0.0728946328163147
2,4.0,26.0,0.6779999732971191,0.6256638169288635,0.052336156368255615
2,4.0,26.5,0.7039999961853027,0.6721173524856567,0.031882643699645996
2,4.0,27.0,0.7350000143051147,0.7209231853485107,0.014076828956604004
2,4.0,27.5,0.7670000195503235,0.7699701189994812,-0.002970099449157715
2,4.0,28.0,0.8009999990463257,0.8177882432937622,-0.016788244247436523
2,4.0,28.5,0.8349999785423279,0.8635667562484741,-0.02856677770614624
2,4.0,29.0,0.8679999709129333,0.9070208072662354,-0.039020836353302
2,4.0,29.5,0.8989999890327454,0.9446322917938232,-0.04563230276107788
2,4.0,30.0,0.9259999990463257,0.9705137610435486,-0.0445137619972229
2,4.0,30.5,0.9490000009536743,0.9822335839271545,-0.033233582973480225
2,4.0,31.0,0.9639999866485596,0.9876585602760315,-0.023658573627471924
2,4.0,31.5,0.9739999771118164,0.9852362871170044,-0.011236310005187988
2,4.0,32.0,0.9779999852180481,0.9742844700813293,0.00371551513671875
2,4.0,32.5,0.9760000109672546,0.9537357687950134,0.02226424217224121
2,4.0,33.0,0.9660000205039978,0.9266672730445862,0.03933274745941162
2,4.0,33.5,0.9480000138282776,0.8965062499046326,0.05149376392364502
2,4.0,34.0,0.925000011920929,0.8675153851509094,0.05748462677001953
2,4.0,34.5,0.9010000228881836,0.8444886803627014,0.05651134252548218
2,4.0,35.0,0.8880000114440918,0.832004725933075,0.055995285511016846
2,4.0,35.5,0.8769999742507935,0.833665668964386,0.04333430528640747
2,4.0,36.0,0.8740000128746033,0.8494263291358948,0.024573683738708496
2,4.0,36.5,0.8880000114440918,0.8810074329376221,0.0069925785064697266
2,4.0,37.0,0.921999990940094,0.9262714385986328,-0.004271447658538818
2,4.0,37.5,0.9649999737739563,0.9816278219223022,-0.016627848148345947
2,4.0,38.0,1.0169999599456787,1.042688012123108,-0.0256880521774292
2,4.0,38.5,1.0759999752044678,1.1050071716308594,-0.0290071964263916
2,4.0,39.0,1.1330000162124634,1.1647595167160034,-0.03175950050354004
2,4.0,39.5,1.187000036239624,1.21921968460083,-0.032219648361206055
2,4.0,40.0,1.2359999418258667,1.266991138458252,-0.030991196632385254
2,4.0,40.5,1.2790000438690186,1.307976245880127,-0.0289762020111084
2,4.0,41.0,1.3140000104904175,1.3383208513259888,-0.02432084083557129
2,4.0,41.5,1.3420000076293945,1.3535125255584717,-0.011512517929077148
2,4.0,42.0,1.3609999418258667,1.3542113304138184,0.00678861141204834
2,4.0,42.5,1.3700000047683716,1.3443478345870972,0.025652170181274414
2,4.0,43.0,1.3669999837875366,1.3285447359085083,0.03845524787902832
2,4.0,43.5,1.3519999980926514,1.3065078258514404,0.04549217224121094
2,4.0,44.0,1.3229999542236328,1.2787926197052002,0.04420733451843262
2,4.0,44.5,1.281000018119812,1.2471312284469604,0.03386878967285156
2,4.0,45.0,1.2300000190734863,1.2128971815109253,0.017102837562561035
2,4.0,45.5,1.1759999990463257,1.1808894872665405,-0.004889488220214844
2,4.0,46.0,1.1260000467300415,1.156515121459961,-0.030515074729919434
2,4.0,46.5,1.093999981880188,1.1443246603012085,-0.05032467842102051
2,4.0,47.0,1.0820000171661377,1.1480040550231934,-0.06600403785705566
2,4.0,47.5,1.0980000495910645,1.1696416139602661,-0.07164156436920166
2,4.0,48.0,1.1430000066757202,1.2092982530593872,-0.06629824638366699
2,4.0,48.5,1.215000033378601,1.2649983167648315,-0.04999828338623047
2,4.0,49.0,1.3009999990463257,1.3331307172775269,-0.03213071823120117
2,4.0,49.5,1.3890000581741333,1.4089648723602295,-0.01996481418609619
2,4.0,50.0,1.4739999771118164,1.4854145050048828,-0.011414527893066406
2,4.0,50.5,1.5470000505447388,1.560280442237854,-0.013280391693115234
2,4.0,51.0,1.6109999418258667,1.6298748254776,-0.0188748836517334
2,4.0,51.5,1.6649999618530273,1.691705584526062,-0.026705622673034668
2,4.0,52.0,1.7050000429153442,1.744449257850647,-0.039449214935302734
2,4.0,52.5,1.7419999837875366,1.7819315195083618,-0.039931535720825195
2,4.0,53.0,1.7660000324249268,1.7972066402435303,-0.031206607818603516
2,4.0,53.5,1.777999997138977,1.7990471124649048,-0.021047115325927734
2,4.0,54.0,1.7769999504089355,1.7746833562850952,0.002316594123840332
2,4.0,54.5,1.7599999904632568,1.7390803098678589,0.02091968059539795
2,4.0,55.0,1.7280000448226929,1.6929839849472046,0.03501605987548828
2,4.0,55.5,1.6779999732971191,1.6387677192687988,0.03923225402832031
2,4.0,56.0,1.6119999885559082,1.580456256866455,0.031543731689453125
2,4.0,56.5,1.534999966621399,1.5234744548797607,0.011525511741638184
2,4.0,57.0,1.4570000171661377,1.4741102457046509,-0.017110228538513184
2,4.0,57.5,1.3899999856948853,1.437291145324707,-0.04729115962982178
2,4.0,58.0,1.3489999771118164,1.418213963508606,-0.06921398639678955
2,4.0,58.5,1.3459999561309814,1.4219226837158203,-0.07592272758483887
2,4.0,59.0,1.3849999904632568,1.4496150016784668,-0.06461501121520996
2,4.0,59.5,1.4620000123977661,1.499977707862854,-0.03797769546508789
2,4.0,60.0,1.5609999895095825,1.5693976879119873,-0.008397698402404785
2,4.0,60.5,1.6679999828338623,1.6525787115097046,0.015421271324157715
2,4.0,61.0,1.7680000066757202,1.7434301376342773,0.02456986904144287
2,4.0,61.5,1.8600000143051147,1.836025357246399,0.02397465705871582
2,4.0,62.0,1.9429999589920044,1.925412654876709,0.01758730411529541
2,4.0,62.5,2.0139999389648438,2.0081233978271484,0.0058765411376953125
2,4.0,63.0,2.072000026702881,2.0823168754577637,-0.010316848754882812
2,4.0,63.5,2.119999885559082,2.1471571922302246,-0.027157306671142578
2,4.0,64.0,2.1540000438690186,2.194119453430176,-0.04011940956115723
2,4.0,64.5,2.178999900817871,2.217989683151245,-0.03898978233337402
2,4.0,65.0,2.190000057220459,2.231940984725952,-0.041940927505493164
2,4.0,65.5,2.187000036239624,2.2201058864593506,-0.03310585021972656
2,4.0,66.0,2.1679999828338623,2.1886842250823975,-0.020684242248535156
2,4.0,66.5,2.13100004196167,2.142869472503662,-0.011869430541992188
2,4.0,67.0,2.0759999752044678,2.0830225944519043,-0.0070226192474365234
2,4.0,67.5,2.002000093460083,2.0118191242218018,-0.00981903076171875
2,4.0,68.0,1.9140000343322754,1.9344021081924438,-0.020402073860168457
2,4.0,68.5,1.8240000009536743,1.8580487966537476,-0.03404879570007324
2,4.0,69.0,1.7419999837875366,1.7913544178009033,-0.0493544340133667
2,4.0,69.5,1.687999963760376,1.743010401725769,-0.055010437965393066
2,4.0,70.0,1.6729999780654907,1.7194229364395142,-0.04642295837402344
2,4.0,70.5,1.7039999961853027,1.7238214015960693,-0.0198214054107666
2,4.0,71.0,1.7760000228881836,1.7596352100372314,0.01636481285095215
2,4.0,71.5,1.871000051498413,1.8242430686950684,0.04675698280334473
2,4.0,72.0,2.003999948501587,1.9119082689285278,0.09209167957305908
2,4.0,72.5,2.1089999675750732,2.0148284435272217,0.09417152404785156
2,4.0,73.0,2.2079999446868896,2.1244916915893555,0.08350825309753418
2,4.0,73.5,2.2990000247955322,2.2330384254455566,0.06596159934997559
2,4.0,74.0,2.38100004196167,2.334319591522217,0.046680450439453125
2,4.0,74.5,2.450000047683716,2.4244866371154785,0.025513410568237305
2,4.0,75.0,2.506999969482422,2.502044439315796,0.0049555301666259766
2,4.0,75.5,2.552000045776367,2.559995651245117,-0.00799560546875
2,4.0,76.0,2.5850000381469727,2.5906617641448975,-0.005661725997924805
2,4.0,76.5,2.6040000915527344,2.6103038787841797,-0.0063037872314453125
2,4.0,77.0,2.609999895095825,2.614555835723877,-0.004555940628051758
2,4.0,77.5,2.5999999046325684,2.5891213417053223,0.010878562927246094
2,4.0,78.0,2.572999954223633,2.549766778945923,0.02323317527770996
2,4.0,78.5,2.5269999504089355,2.4988808631896973,0.02811908721923828
2,4.0,79.0,2.4630000591278076,2.4376137256622314,0.025386333465576172
2,4.0,79.5,2.382999897003174,2.369022846221924,0.01397705078125
2,4.0,80.0,2.2950000762939453,2.2980282306671143,-0.0030281543731689453
3,6.0,0.0,0.0,0.0,0.0
3,6.0,0.5,0.0,0.0,0.0
3,6.0,1.0,0.0,0.0,0.0
3,6.0,1.5,0.0,0.0,0.0
3,6.0,2.0,0.0,0.0,0.0
3,6.0,2.5,0.0,0.0,0.0
3,6.0,3.0,0.0,0.0,0.0
3,6.0,3.5,0.0,0.00452299602329731,-0.00452299602329731
3,6.0,4.0,0.0,0.013156628236174583,-0.013156628236174583
3,6.0,4.5,0.0,0.023866137489676476,-0.023866137489676476
3,6.0,5.0,0.0,0.036531999707221985,-0.036531999707221985
3,6.0,5.5,0.0,0.05063343793153763,-0.05063343793153763
3,6.0,6.0,0.0,0.06556649506092072,-0.06556649506092072
3,6.0,6.5,0.0,0.08085983246564865,-0.08085983246564865
3,6.0,7.0,0.0,0.09621842205524445,-0.09621842205524445
3,6.0,7.5,0.0,0.11012408137321472,-0.11012408137321472
3,6.0,8.0,0.0,0.12042239308357239,-0.12042239308357239
3,6.0,8.5,0.006000000052154064,0.12898996472358704,-0.12298996467143297
3,6.0,9.0,0.017000000923871994,0.13509799540042877,-0.11809799447655678
3,6.0,9.5,0.03400000184774399,0.13854537904262543,-0.10454537719488144
3,6.0,10.0,0.05900000035762787,0.13898733258247375,-0.07998733222484589
3,6.0,10.5,0.09000000357627869,0.13641522824764252,-0.04641522467136383
3,6.0,11.0,0.12700000405311584,0.13129156827926636,-0.004291564226150513
3,6.0,11.5,0.16699999570846558,0.12462054193019867,0.04237945377826691
3,6.0,12.0,0.2070000022649765,0.11791972815990448,0.08908027410507202
3,6.0,12.5,0.2460000067949295,0.11307331919670105,0.13292668759822845
3,6.0,13.0,0.28299999237060547,0.11208058893680573,0.17091940343379974
3,6.0,13.5,0.3160000145435333,0.11674399673938751,0.1992560178041458
3,6.0,14.0,0.34599998593330383,0.1283663511276245,0.21763363480567932
3,6.0,14.5,0.37299999594688416,0.14752812683582306,0.2254718691110611
3,6.0,15.0,0.3959999978542328,0.1739979088306427,0.2220020890235901
3,6.0,15.5,0.41600000858306885,0.20679408311843872,0.20920592546463013
3,6.0,16.0,0.4350000023841858,0.24437537789344788,0.19062462449073792
3,6.0,16.5,0.4519999921321869,0.2849099636077881,0.1670900285243988
3,6.0,17.0,0.45899999141693115,0.3265565037727356,0.13244348764419556
3,6.0,17.5,0.46000000834465027,0.367702454328537,0.09229755401611328
3,6.0,18.0,0.4580000042915344,0.40711942315101624,0.05088058114051819
3,6.0,18.5,0.4560000002384186,0.4440263509750366,0.011973649263381958
3,6.0,19.0,0.4580000042915344,0.4747810363769531,-0.0167810320854187
3,6.0,19.5,0.4659999907016754,0.4924581050872803,-0.02645811438560486
3,6.0,20.0,0.4659999907016754,0.5030009746551514,-0.03700098395347595
3,6.0,20.5,0.4659999907016754,0.5070915222167969,-0.04109153151512146
3,6.0,21.0,0.43700000643730164,0.5032682418823242,-0.06626823544502258
3,6.0,21.5,0.4399999976158142,0.4924352169036865,-0.052435219287872314
3,6.0,22.0,0.4429999887943268,0.4753779172897339,-0.032377928495407104
3,6.0,22.5,0.4440000057220459,0.453820139169693,-0.009820133447647095
3,6.0,23.0,0.44699999690055847,0.42930784821510315,0.017692148685455322
3,6.0,23.5,0.4490000009536743,0.40640494227409363,0.04259505867958069
3,6.0,24.0,0.44699999690055847,0.38874128460884094,0.05825871229171753
3,6.0,24.5,0.4490000009536743,0.37969937920570374,0.06930062174797058
3,6.0,25.0,0.4519999921321869,0.381835401058197,0.07016459107398987
3,6.0,25.5,0.45899999141693115,0.3964326083660126,0.06256738305091858
3,6.0,26.0,0.47099998593330383,0.42330798506736755,0.04769200086593628
3,6.0,26.5,0.4909999966621399,0.46092191338539124,0.030078083276748657
3,6.0,27.0,0.5170000195503235,0.5067570805549622,0.010242938995361328
3,6.0,27.5,0.5619999766349792,0.5578547716140747,0.004145205020904541
3,6.0,28.0,0.5989999771118164,0.6113611459732056,-0.01236116886138916
3,6.0,28.5,0.6380000114440918,0.6649495959281921,-0.026949584484100342
3,6.0,29.0,0.6850000023841858,0.7170346975326538,-0.03203469514846802
3,6.0,29.5,0.7250000238418579,0.7667700052261353,-0.041769981384277344
3,6.0,30.0,0.7620000243186951,0.8138817548751831,-0.05188173055648804
3,6.0,30.5,0.7990000247955322,0.8525950908660889,-0.05359506607055664
3,6.0,31.0,0.824999988079071,0.8775960206985474,-0.05259603261947632
3,6.0,31.5,0.8450000286102295,0.8876652121543884,-0.042665183544158936
3,6.0,32.0,0.8569999933242798,0.8901285529136658,-0.033128559589385986
3,6.0,32.5,0.8610000014305115,0.8832619190216064,-0.02226191759109497
3,6.0,33.0,0.8579999804496765,0.8664053082466125,-0.008405327796936035
3,6.0,33.5,0.843999981880188,0.8381779789924622,0.00582200288772583
3,6.0,34.0,0.8230000138282776,0.8029007315635681,0.020099282264709473
3,6.0,34.5,0.7950000166893005,0.7644468545913696,0.030553162097930908
3,6.0,35.0,0.7620000243186951,0.7278999090194702,0.034100115299224854
3,6.0,35.5,0.734000027179718,0.6988864541053772,0.03511357307434082
3,6.0,36.0,0.7059999704360962,0.6826921701431274,0.02330780029296875
3,6.0,36.5,0.699999988079071,0.683075487613678,0.016924500465393066
3,6.0,37.0,0.699999988079071,0.7003377079963684,-0.0003377199172973633
3,6.0,37.5,0.7229999899864197,0.7359623908996582,-0.012962400913238525
3,6.0,38.0,0.7590000033378601,0.7872547507286072,-0.02825474739074707
3,6.0,38.5,0.8130000233650208,0.8498842716217041,-0.03688424825668335
3,6.0,39.0,0.8790000081062317,0.9186657071113586,-0.03966569900512695
3,6.0,39.5,0.953000009059906,0.9884284734725952,-0.03542846441268921
3,6.0,40.0,1.0260000228881836,1.0547893047332764,-0.028789281845092773
3,6.0,40.5,1.090999960899353,1.1146966218948364,-0.0236966609954834
3,6.0,41.0,1.1490000486373901,1.1666698455810547,-0.01766979694366455
3,6.0,41.5,1.1979999542236328,1.2107388973236084,-0.012738943099975586
3,6.0,42.0,1.2359999418258667,1.239942193031311,-0.003942251205444336
3,6.0,42.5,1.2630000114440918,1.2534816265106201,0.00951838493347168
3,6.0,43.0,1.2760000228881836,1.2470811605453491,0.028918862342834473
3,6.0,43.5,1.274999976158142,1.2301480770111084,0.04485189914703369
3,6.0,44.0,1.2569999694824219,1.2057712078094482,0.05122876167297363
3,6.0,44.5,1.2239999771118164,1.1736515760421753,0.05034840106964111
3,6.0,45.0,1.1740000247955322,1.1345776319503784,0.03942239284515381
3,6.0,45.5,1.1089999675750732,1.0908175706863403,0.01818239688873291
3,6.0,46.0,1.034000039100647,1.0437954664230347,-0.009795427322387695
3,6.0,46.5,0.9570000171661377,1.0002844333648682,-0.04328441619873047
3,6.0,47.0,0.8880000114440918,0.9665812253952026,-0.07858121395111084
3,6.0,47.5,0.8399999737739563,0.94826340675354,-0.10826343297958374
3,6.0,48.0,0.8230000138282776,0.9497675895690918,-0.1267675757408142
3,6.0,48.5,0.8510000109672546,0.9735053777694702,-0.12250536680221558
3,6.0,49.0,0.9229999780654907,1.0193694829940796,-0.09636950492858887
3,6.0,49.5,1.0119999647140503,1.0847645998001099,-0.07276463508605957
3,6.0,50.0,1.128000020980835,1.1651337146759033,-0.03713369369506836
3,6.0,50.5,1.2339999675750732,1.2541694641113281,-0.020169496536254883
3,6.0,51.0,1.3359999656677246,1.3439433574676514,-0.007943391799926758
3,6.0,51.5,1.4279999732971191,1.43137788772583,-0.0033779144287109375
3,6.0,52.0,1.5089999437332153,1.5120179653167725,-0.003018021583557129
3,6.0,52.5,1.5759999752044678,1.582881212234497,-0.006881237030029297
3,6.0,53.0,1.6299999952316284,1.642409324645996,-0.012409329414367676
3,6.0,53.5,1.6690000295639038,1.6797393560409546,-0.010739326477050781
3,6.0,54.0,1.690999984741211,1.6920239925384521,-0.001024007797241211
3,6.0,54.5,1.6950000524520874,1.684036135673523,0.010963916778564453
3,6.0,55.0,1.6790000200271606,1.6456820964813232,0.0333179235458374
3,6.0,55.5,1.6410000324249268,1.592811107635498,0.04818892478942871
3,6.0,56.0,1.5809999704360962,1.52656888961792,0.05443108081817627
3,6.0,56.5,1.4989999532699585,1.4502170085906982,0.048782944679260254
3,6.0,57.0,1.3990000486373901,1.3691415786743164,0.02985846996307373
3,6.0,57.5,1.2860000133514404,1.2904934883117676,-0.0044934749603271484
3,6.0,58.0,1.1720000505447388,1.222465991973877,-0.050465941429138184
3,6.0,58.5,1.0770000219345093,1.1708678007125854,-0.09386777877807617
3,6.0,59.0,1.0190000534057617,1.1432507038116455,-0.12425065040588379
3,6.0,59.5,1.0119999647140503,1.145364761352539,-0.13336479663848877
3,6.0,60.0,1.059999942779541,1.1784648895263672,-0.11846494674682617
3,6.0,60.5,1.152999997138977,1.2405518293380737,-0.08755183219909668
3,6.0,61.0,1.2760000228881836,1.3267006874084473,-0.05070066452026367
3,6.0,61.5,1.4179999828338623,1.429904580116272,-0.011904597282409668
3,6.0,62.0,1.5509999990463257,1.5422545671463013,0.008745431900024414
3,6.0,62.5,1.6759999990463257,1.656166911125183,0.019833087921142578
3,6.0,63.0,1.7860000133514404,1.765411376953125,0.02058863639831543
3,6.0,63.5,1.8849999904632568,1.8657182455062866,0.019281744956970215
3,6.0,64.0,1.965999960899353,1.9549190998077393,0.01108086109161377
3,6.0,64.5,2.0290000438690186,2.031541585922241,-0.0025415420532226562
3,6.0,65.0,2.072999954223633,2.0818262100219727,-0.008826255798339844
3,6.0,65.5,2.0989999771118164,2.1054656505584717,-0.0064656734466552734
3,6.0,66.0,2.1050000190734863,2.1159489154815674,-0.010948896408081055
3,6.0,66.5,2.0869998931884766,2.0886290073394775,-0.0016291141510009766
3,6.0,67.0,2.046999931335449,2.0389890670776367,0.0080108642578125
3,6.0,67.5,1.9809999465942383,1.9703078269958496,0.010692119598388672
3,6.0,68.0,1.8899999856948853,1.8834089040756226,0.006591081619262695
3,6.0,68.5,1.7760000228881836,1.7822279930114746,-0.006227970123291016
3,6.0,69.0,1.6449999809265137,1.6739230155944824,-0.02892303466796875
3,6.0,69.5,1.5099999904632568,1.5683709383010864,-0.05837094783782959
3,6.0,70.0,1.3910000324249268,1.4770056009292603,-0.0860055685043335
3,6.0,70.5,1.312999963760376,1.4111666679382324,-0.09816670417785645
3,6.0,71.0,1.2869999408721924,1.378341555595398,-0.09134161472320557
3,6.0,71.5,1.3209999799728394,1.383413314819336,-0.06241333484649658
3,6.0,72.0,1.409000039100647,1.4296730756759644,-0.020673036575317383
3,6.0,72.5,1.531000018119812,1.513094186782837,0.017905831336975098
3,6.0,73.0,1.6670000553131104,1.6256840229034424,0.04131603240966797
3,6.0,73.5,1.809999942779541,1.7569433450698853,0.05305659770965576
3,6.0,74.0,1.9479999542236328,1.895674228668213,0.05232572555541992
3,6.0,74.5,2.0769999027252197,2.0317471027374268,0.04525279998779297
3,6.0,75.0,2.190000057220459,2.157426118850708,0.03257393836975098
3,6.0,75.5,2.2899999618530273,2.2680530548095703,0.02194690704345703
3,6.0,76.0,2.371999979019165,2.3620307445526123,0.009969234466552734
3,6.0,76.5,2.434000015258789,2.42623233795166,0.007767677307128906
3,6.0,77.0,2.4749999046325684,2.458655834197998,0.016344070434570312
3,6.0,77.5,2.499000072479248,2.4766345024108887,0.022365570068359375
3,6.0,78.0,2.499000072479248,2.4702377319335938,0.028762340545654297
3,6.0,78.5,2.4760000705718994,2.4281420707702637,0.04785799980163574
3,6.0,79.0,2.427000045776367,2.3681576251983643,0.05884242057800293
3,6.0,79.5,2.3519999980926514,2.293027400970459,0.05897259712219238
3,6.0,80.0,2.253000020980835,2.2045955657958984,0.04840445518493652
4,8.0,0.0,0.0,0.0,0.0
4,8.0,0.5,0.0,0.0,0.0
4,8.0,1.0,0.0,0.0,0.0
4,8.0,1.5,0.0,0.0,0.0
4,8.0,2.0,0.0,0.0,0.0
4,8.0,2.5,0.0,0.0,0.0
4,8.0,3.0,0.0,0.0,0.0
4,8.0,3.5,0.0,0.0,0.0
4,8.0,4.0,0.0,0.0,0.0
4,8.0,4.5,0.0,0.0,0.0
4,8.0,5.0,0.0,0.0,0.0
4,8.0,5.5,0.0,0.0,0.0
4,8.0,6.0,0.0,0.0,0.0
4,8.0,6.5,0.0,0.007143624126911163,-0.007143624126911163
4,8.0,7.0,0.0,0.021262668073177338,-0.021262668073177338
4,8.0,7.5,0.0,0.03553805500268936,-0.03553805500268936
4,8.0,8.0,0.0,0.04975193738937378,-0.04975193738937378
4,8.0,8.5,0.0,0.06046042591333389,-0.06046042591333389
4,8.0,9.0,0.0,0.06869044154882431,-0.06869044154882431
4,8.0,9.5,0.0,0.07485125213861465,-0.07485125213861465
4,8.0,10.0,0.0,0.07834745198488235,-0.07834745198488235
4,8.0,10.5,0.0,0.07889767736196518,-0.07889767736196518
4,8.0,11.0,0.026000000536441803,0.07627061754465103,-0.05027061700820923
4,8.0,11.5,0.052000001072883606,0.07064396888017654,-0.018643967807292938
4,8.0,12.0,0.08399999886751175,0.06272066384553909,0.021279335021972656
4,8.0,12.5,0.11699999868869781,0.053764551877975464,0.06323544681072235
4,8.0,13.0,0.14800000190734863,0.04552381485700607,0.10247618705034256
4,8.0,13.5,0.17599999904632568,0.040033452212810516,0.13596654683351517
4,8.0,14.0,0.1979999989271164,0.0393243208527565,0.1586756780743599
4,8.0,14.5,0.21899999678134918,0.04509599506855011,0.17390400171279907
4,8.0,15.0,0.2409999966621399,0.058428533375263214,0.18257146328687668
4,8.0,15.5,0.2590000033378601,0.07960165292024612,0.17939835041761398
4,8.0,16.0,0.2750000059604645,0.10806258767843246,0.166937418282032
4,8.0,16.5,0.29100000858306885,0.14254581928253174,0.1484541893005371
4,8.0,17.0,0.30399999022483826,0.18130835890769958,0.12269163131713867
4,8.0,17.5,0.31700000166893005,0.22241994738578796,0.09458005428314209
4,8.0,18.0,0.328000009059906,0.26404228806495667,0.06395772099494934
4,8.0,18.5,0.3370000123977661,0.3046451210975647,0.032354891300201416
4,8.0,19.0,0.3440000116825104,0.34313085675239563,0.0008691549301147461
4,8.0,19.5,0.35199999809265137,0.37886521220207214,-0.026865214109420776
4,8.0,20.0,0.3580000102519989,0.40344372391700745,-0.045443713665008545
4,8.0,20.5,0.3569999933242798,0.4160721004009247,-0.0590721070766449
4,8.0,21.0,0.35899999737739563,0.4226738512516022,-0.06367385387420654
4,8.0,21.5,0.35899999737739563,0.4215201139450073,-0.0625201165676117
4,8.0,22.0,0.35499998927116394,0.41233035922050476,-0.05733036994934082
4,8.0,22.5,0.3529999852180481,0.3958502411842346,-0.04285025596618652
4,8.0,23.0,0.3499999940395355,0.37333589792251587,-0.023335903882980347
4,8.0,23.5,0.34599998593330383,0.3464474678039551,-0.0004474818706512451
4,8.0,24.0,0.34299999475479126,0.31833526492118835,0.024664729833602905
4,8.0,24.5,0.3400000035762787,0.2934740483760834,0.04652595520019531
4,8.0,25.0,0.34200000762939453,0.27573540806770325,0.06626459956169128
4,8.0,25.5,0.34599998593330383,0.26847368478775024,0.07752630114555359
4,8.0,26.0,0.36500000953674316,0.27394160628318787,0.0910584032535553
4,8.0,26.5,0.382999986410141,0.29290544986724854,0.09009453654289246
4,8.0,27.0,0.40299999713897705,0.32456421852111816,0.07843577861785889
4,8.0,27.5,0.4300000071525574,0.3667919337749481,0.06320807337760925
4,8.0,28.0,0.4659999907016754,0.41662833094596863,0.04937165975570679
4,8.0,28.5,0.503000020980835,0.4708801507949829,0.03211987018585205
4,8.0,29.0,0.5389999747276306,0.5266701579093933,0.012329816818237305
4,8.0,29.5,0.5770000219345093,0.5818067193031311,-0.004806697368621826
4,8.0,30.0,0.6129999756813049,0.6349185109138489,-0.021918535232543945
4,8.0,30.5,0.6460000276565552,0.6853700876235962,-0.039370059967041016
4,8.0,31.0,0.6740000247955322,0.733039140701294,-0.05903911590576172
4,8.0,31.5,0.6980000138282776,0.7654758095741272,-0.06747579574584961
4,8.0,32.0,0.7149999737739563,0.7820758819580078,-0.06707590818405151
4,8.0,32.5,0.7289999723434448,0.7872912883758545,-0.05829131603240967
4,8.0,33.0,0.7310000061988831,0.7832038402557373,-0.05220383405685425
4,8.0,33.5,0.7229999899864197,0.7683162093162537,-0.045316219329833984
4,8.0,34.0,0.7049999833106995,0.7415140867233276,-0.036514103412628174
4,8.0,34.5,0.6809999942779541,0.7038304805755615,-0.022830486297607422
4,8.0,35.0,0.6520000100135803,0.6598331928253174,-0.00783318281173706
4,8.0,35.5,0.6169999837875366,0.6143934726715088,0.002606511116027832
4,8.0,36.0,0.5809999704360962,0.5734861493110657,0.007513821125030518
4,8.0,36.5,0.550000011920929,0.5433202981948853,0.006679713726043701
4,8.0,37.0,0.5299999713897705,0.5293360352516174,0.0006639361381530762
4,8.0,37.5,0.5239999890327454,0.5338219404220581,-0.009821951389312744
4,8.0,38.0,0.5410000085830688,0.5581926107406616,-0.017192602157592773
4,8.0,38.5,0.578000009059906,0.6020036339759827,-0.02400362491607666
4,8.0,39.0,0.6330000162124634,0.6614753007888794,-0.028475284576416016
4,8.0,39.5,0.703000009059906,0.7313240766525269,-0.02832406759262085
4,8.0,40.0,0.777999997138977,0.8056896924972534,-0.027689695358276367
4,8.0,40.5,0.8539999723434448,0.8790817260742188,-0.025081753730773926
4,8.0,41.0,0.9240000247955322,0.9471551179885864,-0.0231550931930542
4,8.0,41.5,0.9860000014305115,1.007190465927124,-0.02119046449661255
4,8.0,42.0,1.0369999408721924,1.0582280158996582,-0.02122807502746582
4,8.0,42.5,1.0770000219345093,1.100893497467041,-0.02389347553253174
4,8.0,43.0,1.1039999723434448,1.118622064590454,-0.014622092247009277
4,8.0,43.5,1.1169999837875366,1.1230989694595337,-0.00609898567199707
4,8.0,44.0,1.1139999628067017,1.104241967201233,0.00975799560546875
4,8.0,44.5,1.093999981880188,1.0772454738616943,0.016754508018493652
4,8.0,45.0,1.0579999685287476,1.0412330627441406,0.016766905784606934
4,8.0,45.5,1.003999948501587,0.99626624584198,0.007733702659606934
4,8.0,46.0,0.9359999895095825,0.9438736438751221,-0.00787365436553955
4,8.0,46.5,0.8579999804496765,0.8866225481033325,-0.028622567653656006
4,8.0,47.0,0.7739999890327454,0.8276415467262268,-0.053641557693481445
4,8.0,47.5,0.6949999928474426,0.7758092284202576,-0.08080923557281494
4,8.0,48.0,0.6349999904632568,0.7378801703453064,-0.10288017988204956
4,8.0,48.5,0.5950000286102295,0.7200308442115784,-0.12503081560134888
4,8.0,49.0,0.6230000257492065,0.7266852855682373,-0.10368525981903076
4,8.0,49.5,0.6779999732971191,0.7596251368522644,-0.08162516355514526
4,8.0,50.0,0.765999972820282,0.8176320791244507,-0.0516321063041687
4,8.0,50.5,0.8709999918937683,0.8967456221580505,-0.025745630264282227
4,8.0,51.0,0.9850000143051147,0.9910590648651123,-0.006059050559997559
4,8.0,51.5,1.0950000286102295,1.0913381576538086,0.0036618709564208984
4,8.0,52.0,1.2000000476837158,1.191544771194458,0.008455276489257812
4,8.0,52.5,1.2960000038146973,1.2869027853012085,0.00909721851348877
4,8.0,53.0,1.375,1.3728102445602417,0.0021897554397583008
4,8.0,53.5,1.4390000104904175,1.4463857412338257,-0.007385730743408203
4,8.0,54.0,1.4859999418258667,1.5063396692276,-0.0203397274017334
4,8.0,54.5,1.5110000371932983,1.5278571844100952,-0.016857147216796875
4,8.0,55.0,1.5190000534057617,1.53071129322052,-0.0117112398147583
4,8.0,55.5,1.503000020980835,1.4966990947723389,0.006300926208496094
4,8.0,56.0,1.465999960899353,1.4375585317611694,0.028441429138183594
4,8.0,56.5,1.4040000438690186,1.3608955144882202,0.04310452938079834
4,8.0,57.0,1.319000005722046,1.2690807580947876,0.0499192476272583
4,8.0,57.5,1.2139999866485596,1.16713285446167,0.04686713218688965
4,8.0,58.0,1.093000054359436,1.0625587701797485,0.0304412841796875
4,8.0,58.5,0.9660000205039978,0.9647471904754639,0.0012528300285339355
4,8.0,59.0,0.8450000286102295,0.8837217092514038,-0.038721680641174316
4,8.0,59.5,0.753000020980835,0.8246842622756958,-0.07168424129486084
4,8.0,60.0,0.703000009059906,0.7992567420005798,-0.09625673294067383
4,8.0,60.5,0.7080000042915344,0.8113179206848145,-0.10331791639328003
4,8.0,61.0,0.7699999809265137,0.8608591556549072,-0.09085917472839355
4,8.0,61.5,0.8830000162124634,0.943946361541748,-0.06094634532928467
4,8.0,62.0,1.0520000457763672,1.0533932447433472,-0.0013931989669799805
4,8.0,62.5,1.2009999752044678,1.1799938678741455,0.021006107330322266
4,8.0,63.0,1.347000002861023,1.3140369653701782,0.03296303749084473
4,8.0,63.5,1.4809999465942383,1.4467607736587524,0.03423917293548584
4,8.0,64.0,1.6039999723434448,1.5714242458343506,0.03257572650909424
4,8.0,64.5,1.7100000381469727,1.683833122253418,0.026166915893554688
4,8.0,65.0,1.7949999570846558,1.7822797298431396,0.012720227241516113
4,8.0,65.5,1.8580000400543213,1.8634296655654907,-0.005429625511169434
4,8.0,66.0,1.8990000486373901,1.8995918035507202,-0.0005917549133300781
4,8.0,66.5,1.9140000343322754,1.9165109395980835,-0.0025109052658081055
4,8.0,67.0,1.9019999504089355,1.9076212644577026,-0.00562131404876709
4,8.0,67.5,1.8650000095367432,1.8530889749526978,0.01191103458404541
4,8.0,68.0,1.7990000247955322,1.7756941318511963,0.023305892944335938
4,8.0,68.5,1.7050000429153442,1.6745411157608032,0.030458927154541016
4,8.0,69.0,1.5859999656677246,1.5522218942642212,0.03377807140350342
4,8.0,69.5,1.4470000267028809,1.4153568744659424,0.03164315223693848
4,8.0,70.0,1.2949999570846558,1.274430751800537,0.020569205284118652
4,8.0,70.5,1.1430000066757202,1.1428040266036987,0.00019598007202148438
4,8.0,71.0,1.0099999904632568,1.034971833229065,-0.024971842765808105
4,8.0,71.5,0.9169999957084656,0.9643558263778687,-0.047355830669403076
4,8.0,72.0,0.8859999775886536,0.9361616373062134,-0.050161659717559814
4,8.0,72.5,0.921999990940094,0.9587693214416504,-0.036769330501556396
4,8.0,73.0,1.0290000438690186,1.0313374996185303,-0.0023374557495117188
4,8.0,73.5,1.1670000553131104,1.1465836763381958,0.02041637897491455
4,8.0,74.0,1.3240000009536743,1.2929524183273315,0.031047582626342773
4,8.0,74.5,1.4880000352859497,1.456688642501831,0.03131139278411865
4,8.0,75.0,1.6480000019073486,1.6241340637207031,0.023865938186645508
4,8.0,75.5,1.7999999523162842,1.7837532758712769,0.016246676445007324
4,8.0,76.0,1.930999994277954,1.9274637699127197,0.003536224365234375
4,8.0,76.5,2.0490000247955322,2.051119089126587,-0.0021190643310546875
4,8.0,77.0,2.1429998874664307,2.1541659832000732,-0.011166095733642578
4,8.0,77.5,2.2139999866485596,2.2042341232299805,0.009765863418579102
4,8.0,78.0,2.259000062942505,2.2312843799591064,0.027715682983398438
4,8.0,78.5,2.2760000228881836,2.24072265625,0.035277366638183594
4,8.0,79.0,2.26200008392334,2.2032318115234375,0.058768272399902344
4,8.0,79.5,2.2200000286102295,2.134751319885254,0.08524870872497559
4,8.0,80.0,2.115000009536743,2.0459766387939453,0.06902337074279785
5,10.0,0.0,0.0,0.0,0.0
5,10.0,0.5,0.0,0.0,0.0
5,10.0,1.0,0.0,0.0,0.0
5,10.0,1.5,0.0,0.0,0.0
5,10.0,2.0,0.0,0.0,0.0
5,10.0,2.5,0.0,0.0,0.0
5,10.0,3.0,0.0,0.0,0.0
5,10.0,3.5,0.0,0.0,0.0
5,10.0,4.0,0.0,0.0,0.0
5,10.0,4.5,0.0,0.0,0.0
5,10.0,5.0,0.0,0.0,0.0
5,10.0,5.5,0.0,0.0,0.0
5,10.0,6.0,0.0,0.0,0.0
5,10.0,6.5,0.0,0.0,0.0
5,10.0,7.0,0.0,0.0,0.0
5,10.0,7.5,0.0,0.0,0.0
5,10.0,8.0,0.0,0.0,0.0
5,10.0,8.5,0.0,0.0,0.0
5,10.0,9.0,0.0,0.0,0.0
5,10.0,9.5,0.0,0.0021714717149734497,-0.0021714717149734497
5,10.0,10.0,0.0,0.008366785943508148,-0.008366785943508148
5,10.0,10.5,0.0,0.01242024451494217,-0.01242024451494217
5,10.0,11.0,0.0,0.013831011950969696,-0.013831011950969696
5,10.0,11.5,0.0,0.012302175164222717,-0.012302175164222717
5,10.0,12.0,0.0,0.007668733596801758,-0.007668733596801758
5,10.0,12.5,0.0,0.00018197298049926758,-0.00018197298049926758
5,10.0,13.0,0.0,0.0,0.0
5,10.0,13.5,0.003000000026077032,0.0,0.003000000026077032
5,10.0,14.0,0.00800000037997961,0.0,0.00800000037997961
5,10.0,14.5,0.01600000075995922,0.0,0.01600000075995922
5,10.0,15.0,0.026000000536441803,0.0,0.026000000536441803
5,10.0,15.5,0.03700000047683716,0.0,0.03700000047683716
5,10.0,16.0,0.05000000074505806,0.0,0.05000000074505806
5,10.0,16.5,0.06400000303983688,0.00046484172344207764,0.0635351613163948
5,10.0,17.0,0.07800000160932541,0.027435243129730225,0.050564758479595184
5,10.0,17.5,0.09300000220537186,0.060054436326026917,0.03294556587934494
5,10.0,18.0,0.10700000077486038,0.09659682214260101,0.010403178632259369
5,10.0,18.5,0.11500000208616257,0.1351948231458664,-0.020194821059703827
5,10.0,19.0,0.1289999932050705,0.17410200834274292,-0.045102015137672424
5,10.0,19.5,0.14100000262260437,0.21189060807228088,-0.07089060544967651
5,10.0,20.0,0.15399999916553497,0.24755921959877014,-0.09355922043323517
5,10.0,20.5,0.16599999368190765,0.28011536598205566,-0.11411537230014801
5,10.0,21.0,0.17599999904632568,0.2998080849647522,-0.12380808591842651
5,10.0,21.5,0.1860000044107437,0.3096640706062317,-0.12366406619548798
5,10.0,22.0,0.1940000057220459,0.3133694529533386,-0.11936944723129272
5,10.0,22.5,0.1979999989271164,0.30901169776916504,-0.11101169884204865
5,10.0,23.0,0.2029999941587448,0.2968224883079529,-0.09382249414920807
5,10.0,23.5,0.20600000023841858,0.27744364738464355,-0.07144364714622498
5,10.0,24.0,0.20800000429153442,0.25228244066238403,-0.04428243637084961
5,10.0,24.5,0.20800000429153442,0.22289225459098816,-0.014892250299453735
5,10.0,25.0,0.20800000429153442,0.19301709532737732,0.014982908964157104
5,10.0,25.5,0.20900000631809235,0.16695579886436462,0.04204420745372772
5,10.0,26.0,0.20900000631809235,0.1485711932182312,0.060428813099861145
5,10.0,26.5,0.2070000022649765,0.141120046377182,0.0658799558877945
5,10.0,27.0,0.20800000429153442,0.1466829478740692,0.06131705641746521
5,10.0,27.5,0.21299999952316284,0.16581425070762634,0.0471857488155365
5,10.0,28.0,0.22599999606609344,0.19750633835792542,0.02849365770816803
5,10.0,28.5,0.25200000405311584,0.23947462439537048,0.012525379657745361
5,10.0,29.0,0.2770000100135803,0.28867724537849426,-0.01167723536491394
5,10.0,29.5,0.3059999942779541,0.341921329498291,-0.035921335220336914
5,10.0,30.0,0.3400000035762787,0.3963973820209503,-0.05639737844467163
5,10.0,30.5,0.37400001287460327,0.4500192701816559,-0.07601925730705261
5,10.0,31.0,0.40700000524520874,0.5015240907669067,-0.094524085521698
5,10.0,31.5,0.4390000104904175,0.5503616333007812,-0.11136162281036377
5,10.0,32.0,0.4650000035762787,0.5956255197525024,-0.13062551617622375
5,10.0,32.5,0.4869999885559082,0.6243516206741333,-0.1373516321182251
5,10.0,33.0,0.503000020980835,0.6355699300765991,-0.13256990909576416
5,10.0,33.5,0.5130000114440918,0.6371548175811768,-0.12415480613708496
5,10.0,34.0,0.515999972820282,0.6287541389465332,-0.11275416612625122
5,10.0,34.5,0.5109999775886536,0.6089867353439331,-0.09798675775527954
5,10.0,35.0,0.49799999594688416,0.5765010118484497,-0.07850101590156555
5,10.0,35.5,0.47999998927116394,0.5334569215774536,-0.05345693230628967
5,10.0,36.0,0.45399999618530273,0.48443493247032166,-0.03043493628501892
5,10.0,36.5,0.42399999499320984,0.4347120225429535,-0.010712027549743652
5,10.0,37.0,0.38999998569488525,0.39060476422309875,-0.000604778528213501
5,10.0,37.5,0.3569999933242798,0.3585363030433655,-0.0015363097190856934
5,10.0,38.0,0.3330000042915344,0.3439924120903015,-0.01099240779876709
5,10.0,38.5,0.3230000138282776,0.34856173396110535,-0.02556172013282776
5,10.0,39.0,0.3240000009536743,0.3742450177669525,-0.0502450168132782
5,10.0,39.5,0.34700000286102295,0.4197726547718048,-0.07277265191078186
5,10.0,40.0,0.39100000262260437,0.48094525933265686,-0.08994525671005249
5,10.0,40.5,0.4519999921321869,0.5521115064620972,-0.10011151432991028
5,10.0,41.0,0.5239999890327454,0.627152681350708,-0.10315269231796265
5,10.0,41.5,0.6000000238418579,0.7004572153091431,-0.10045719146728516
5,10.0,42.0,0.6729999780654907,0.7676947116851807,-0.09469473361968994
5,10.0,42.5,0.7390000224113464,0.8262752294540405,-0.08727520704269409
5,10.0,43.0,0.7960000038146973,0.8754483461380005,-0.07944834232330322
5,10.0,43.5,0.8410000205039978,0.9148223400115967,-0.07382231950759888
5,10.0,44.0,0.8700000047683716,0.9264888763427734,-0.056488871574401855
5,10.0,44.5,0.8830000162124634,0.9226176738739014,-0.03961765766143799
5,10.0,45.0,0.8759999871253967,0.8972944021224976,-0.02129441499710083
5,10.0,45.5,0.8569999933242798,0.8627908229827881,-0.005790829658508301
5,10.0,46.0,0.8209999799728394,0.8182296752929688,0.0027703046798706055
5,10.0,46.5,0.7710000276565552,0.7638425827026367,0.007157444953918457
5,10.0,47.0,0.7080000042915344,0.7015402317047119,0.00645977258682251
5,10.0,47.5,0.6359999775886536,0.6337451934814453,0.002254784107208252
5,10.0,48.0,0.5580000281333923,0.565406084060669,-0.007406055927276611
5,10.0,48.5,0.4790000021457672,0.5057227611541748,-0.026722759008407593
5,10.0,49.0,0.40799999237060547,0.4621398150920868,-0.05413982272148132
5,10.0,49.5,0.35499998927116394,0.4413093626499176,-0.08630937337875366
5,10.0,50.0,0.3330000042915344,0.44781842827796936,-0.11481842398643494
5,10.0,50.5,0.35199999809265137,0.4832710325717926,-0.13127103447914124
5,10.0,51.0,0.41499999165534973,0.5459680557250977,-0.13096806406974792
5,10.0,51.5,0.5109999775886536,0.6312721967697144,-0.12027221918106079
5,10.0,52.0,0.6290000081062317,0.7325305938720703,-0.10353058576583862
5,10.0,52.5,0.7549999952316284,0.8387380838394165,-0.08373808860778809
5,10.0,53.0,0.8790000081062317,0.9447503089904785,-0.06575030088424683
5,10.0,53.5,0.9789999723434448,1.0447463989257812,-0.06574642658233643
5,10.0,54.0,1.0770000219345093,1.1338510513305664,-0.05685102939605713
5,10.0,54.5,1.1549999713897705,1.2090742588043213,-0.05407428741455078
5,10.0,55.0,1.215999960899353,1.2673556804656982,-0.051355719566345215
5,10.0,55.5,1.2519999742507935,1.2803308963775635,-0.02833092212677002
5,10.0,56.0,1.2610000371932983,1.2757019996643066,-0.0147019624710083
5,10.0,56.5,1.24399995803833,1.2233221530914307,0.020677804946899414
5,10.0,57.0,1.2000000476837158,1.1476097106933594,0.052390336990356445
5,10.0,57.5,1.1339999437332153,1.0518697500228882,0.08213019371032715
5,10.0,58.0,1.0470000505447388,0.9392304420471191,0.10776960849761963
5,10.0,58.5,0.9430000185966492,0.8158825635910034,0.12711745500564575
5,10.0,59.0,0.828000009059906,0.6908328533172607,0.13716715574264526
5,10.0,59.5,0.7070000171661377,0.5751385688781738,0.13186144828796387
5,10.0,60.0,0.5839999914169312,0.47945234179496765,0.1045476496219635
5,10.0,60.5,0.4779999852180481,0.411408931016922,0.0665910542011261
5,10.0,61.0,0.4050000011920929,0.38499823212623596,0.020001769065856934
5,10.0,61.5,0.3799999952316284,0.4061187207698822,-0.026118725538253784
5,10.0,62.0,0.41200000047683716,0.46948739886283875,-0.05748739838600159
5,10.0,62.5,0.49900001287460327,0.5695406198501587,-0.07054060697555542
5,10.0,63.0,0.6269999742507935,0.6973069906234741,-0.07030701637268066
5,10.0,63.5,0.7789999842643738,0.8419216871261597,-0.06292170286178589
5,10.0,64.0,0.9419999718666077,0.9923785924911499,-0.050378620624542236
5,10.0,64.5,1.1030000448226929,1.1391026973724365,-0.03610265254974365
5,10.0,65.0,1.2489999532699585,1.2750394344329834,-0.026039481163024902
5,10.0,65.5,1.3669999837875366,1.3960871696472168,-0.029087185859680176
5,10.0,66.0,1.468999981880188,1.5008995532989502,-0.03189957141876221
5,10.0,66.5,1.5520000457763672,1.5829205513000488,-0.03092050552368164
5,10.0,67.0,1.6080000400543213,1.612786054611206,-0.004786014556884766
5,10.0,67.5,1.6299999952316284,1.6252086162567139,0.004791378974914551
5,10.0,68.0,1.61899995803833,1.6016640663146973,0.017335891723632812
5,10.0,68.5,1.5750000476837158,1.5335299968719482,0.04147005081176758
5,10.0,69.0,1.5019999742507935,1.4398083686828613,0.06219160556793213
5,10.0,69.5,1.402999997138977,1.3202084302902222,0.08279156684875488
5,10.0,70.0,1.2829999923706055,1.178452491760254,0.10454750061035156
5,10.0,70.5,1.1440000534057617,1.022716999053955,0.12128305435180664
5,10.0,71.0,0.9929999709129333,0.8652819395065308,0.1277180314064026
5,10.0,71.5,0.8399999737739563,0.7212517261505127,0.1187482476234436
5,10.0,72.0,0.6980000138282776,0.6065161228179932,0.09148389101028442
5,10.0,72.5,0.5849999785423279,0.5350918769836426,0.0499081015586853
5,10.0,73.0,0.5239999890327454,0.5110670328140259,0.012932956218719482
5,10.0,73.5,0.5270000100135803,0.5439566373825073,-0.016956627368927002
5,10.0,74.0,0.5960000157356262,0.6306254863739014,-0.034625470638275146
5,10.0,74.5,0.7160000205039978,0.7619870901107788,-0.045987069606781006
5,10.0,75.0,0.8730000257492065,0.9246691465377808,-0.05166912078857422
5,10.0,75.5,1.0470000505447388,1.103379726409912,-0.05637967586517334
5,10.0,76.0,1.2230000495910645,1.283415675163269,-0.06041562557220459
5,10.0,76.5,1.4010000228881836,1.452755331993103,-0.051755309104919434
5,10.0,77.0,1.559999942779541,1.60335373878479,-0.04335379600524902
5,10.0,77.5,1.6920000314712524,1.7314711809158325,-0.03947114944458008
5,10.0,78.0,1.812000036239624,1.8347746133804321,-0.022774577140808105
5,10.0,78.5,1.899999976158142,1.8777306079864502,0.022269368171691895
5,10.0,79.0,1.9570000171661377,1.900646686553955,0.05635333061218262
5,10.0,79.5,1.9759999513626099,1.9045724868774414,0.07142746448516846
5,10.0,80.0,1.9620000123977661,1.849857211112976,0.11214280128479004
