epoch,loss_total,loss_monitor,loss_raw,loss_d1,loss_d2,loss_peak_window,loss_smooth,loss_vr_late_bias,loss_vr_amplitude_ratio,loss_high_vr_valley_depth,loss_reg,best_epoch,early_stop_wait,early_stop
1,0.6905457973480225,1.2329422235488892,0.5287578701972961,0.0111384941264987,0.0041812993586063385,0.5940819978713989,1.4044309864402749e-05,1.114271879196167,1.6364924907684326,0.020847763866186142,0.0024507250636816025,1,0,False
10,0.6302430629730225,1.1232317686080933,0.4834764003753662,0.01087932474911213,0.0041002919897437096,0.5437682867050171,1.5386232917080633e-05,1.0185060501098633,1.4500081539154053,0.026074105873703957,0.002442945959046483,10,0,False
20,0.5675808191299438,1.0101094245910645,0.4360438287258148,0.01062169298529625,0.004020010121166706,0.4910295605659485,1.6923851944739e-05,0.9181029200553894,1.2657856941223145,0.03257349133491516,0.0024393461644649506,20,0,False
30,0.5103719234466553,0.9082652926445007,0.39210617542266846,0.01040386687964201,0.0039549656212329865,0.4421332776546478,1.8622014977154322e-05,0.8247412443161011,1.114516019821167,0.03981863334774971,0.002440330572426319,30,0,False
40,0.45891422033309937,0.8181474208831787,0.35192540287971497,0.010225499980151653,0.00390747282654047,0.39737969636917114,2.0603250959538855e-05,0.7387901544570923,0.9960652589797974,0.047882817685604095,0.002444020938128233,40,0,False
50,0.4129790663719177,0.7387898564338684,0.31557708978652954,0.010080888867378235,0.0038774244021624327,0.35686802864074707,2.296290585945826e-05,0.6603475213050842,0.9023605585098267,0.056900858879089355,0.002449273131787777,50,0,False
60,0.37248095870018005,0.6699308156967163,0.28304430842399597,0.009958747774362564,0.0038628638722002506,0.32059744000434875,2.5893939891830087e-05,0.5893973708152771,0.8316494226455688,0.06690041720867157,0.0024572601541876793,60,0,False
70,0.3368135690689087,0.609777569770813,0.2541790306568146,0.009844466112554073,0.003859893884509802,0.2884070873260498,2.9662123779417016e-05,0.5257631540298462,0.773147702217102,0.0777384489774704,0.0024701489601284266,70,0,False
80,0.30539533495903015,0.5567899942398071,0.22875213623046875,0.009726026095449924,0.003866178449243307,0.2600422501564026,3.471314630587585e-05,0.4691101908683777,0.719338595867157,0.08905065804719925,0.0024922725278884172,80,0,False
90,0.2777651250362396,0.5099374651908875,0.20650021731853485,0.009596371091902256,0.0038797464221715927,0.23520007729530334,4.130159140913747e-05,0.4190475046634674,0.6670020818710327,0.10037782043218613,0.002522584516555071,90,0,False
100,0.25357353687286377,0.4686139225959778,0.1871483027935028,0.009454827755689621,0.0039002657867968082,0.21354933083057404,4.9417034460930154e-05,0.37517982721328735,0.6162522435188293,0.11119075119495392,0.002556086052209139,100,0,False
110,0.23237687349319458,0.4319190979003906,0.1703977882862091,0.009302429854869843,0.003930800594389439,0.19471701979637146,5.9240894188405946e-05,0.33708077669143677,0.5656898617744446,0.12079572677612305,0.0025921431370079517,110,0,False
120,0.2138744741678238,0.39948394894599915,0.15593628585338593,0.009142046794295311,0.003973721992224455,0.17835158109664917,7.090788858477026e-05,0.3041483759880066,0.5174971222877502,0.12879669666290283,0.002630939707159996,120,0,False
130,0.1977253258228302,0.370796799659729,0.14345607161521912,0.008976674638688564,0.004029450472444296,0.16413210332393646,8.443994011031464e-05,0.27571016550064087,0.4723037779331207,0.1350945681333542,0.0026723756454885006,130,0,False
140,0.18358643352985382,0.34531307220458984,0.1326623260974884,0.008807925507426262,0.004097240976989269,0.15174494683742523,9.979858441511169e-05,0.25114667415618896,0.4302745759487152,0.13960963487625122,0.002716335467994213,140,0,False
150,0.17113153636455536,0.3225030303001404,0.12328076362609863,0.00863647274672985,0.004175275098532438,0.14089368283748627,0.00011686862853821367,0.22989365458488464,0.39135250449180603,0.14228712022304535,0.0027626485098153353,150,0,False
160,0.160064235329628,0.30188441276550293,0.11506335437297821,0.008462515659630299,0.004260909743607044,0.1313076913356781,0.000135457405121997,0.21144135296344757,0.3554084599018097,0.1431121677160263,0.0028111457359045744,160,0,False
170,0.15012653172016144,0.28304189443588257,0.10779295861721039,0.008285988122224808,0.004350811243057251,0.12274924665689468,0.00015529597294516861,0.1953364610671997,0.32229718565940857,0.1421222686767578,0.0028617221396416426,170,0,False
180,0.14110127091407776,0.26563236117362976,0.10128472000360489,0.008106688037514687,0.004441155586391687,0.1150168925523758,0.00017605486209504306,0.18118035793304443,0.2918670177459717,0.13941657543182373,0.002914345357567072,180,0,False
190,0.13279463350772858,0.24932043254375458,0.09538710117340088,0.007924677804112434,0.004528438672423363,0.10794435441493988,0.00019738278933800757,0.16863544285297394,0.2635372281074524,0.13512440025806427,0.002969072200357914,190,0,False
200,0.12501999735832214,0.23369060456752777,0.0899888426065445,0.007747714873403311,0.004620085470378399,0.10137102752923965,0.00021918441052548587,0.1574898660182953,0.23627924919128418,0.12901508808135986,0.003026408376172185,200,0,False
210,0.1177767813205719,0.21897415816783905,0.08499713987112045,0.007573476526886225,0.004707109183073044,0.0952434316277504,0.00024094832770060748,0.1474224030971527,0.2117638885974884,0.12180781364440918,0.003085944801568985,210,0,False
220,0.11099357157945633,0.20513276755809784,0.0803268551826477,0.0073915147222578526,0.0047739227302372456,0.08950789272785187,0.00026216456899419427,0.13817399740219116,0.1898411065340042,0.11409024894237518,0.0031476099975407124,220,0,False
230,0.10459228605031967,0.1920267939567566,0.07592165470123291,0.00719717750325799,0.004813233856111765,0.0841057226061821,0.00028243393171578646,0.12960490584373474,0.16994155943393707,0.10606153309345245,0.003211062168702483,230,0,False
240,0.0985417515039444,0.17961016297340393,0.07175498455762863,0.0069945454597473145,0.0048284283839166164,0.07899869978427887,0.00030155901913531125,0.12163988500833511,0.15196658670902252,0.09781316667795181,0.003275969997048378,240,0,False
250,0.09282747656106949,0.16786369681358337,0.06781372427940369,0.006791610270738602,0.00482713570818305,0.074162557721138,0.0003195044118911028,0.1142200380563736,0.1358618289232254,0.08942387998104095,0.0033422422129660845,250,0,False
260,0.08743555843830109,0.15677449107170105,0.06408412009477615,0.0065916189923882484,0.004811217542737722,0.069581538438797,0.00033611408434808254,0.10728136450052261,0.12151511758565903,0.08103370666503906,0.0034094667062163353,260,0,False
270,0.0823541060090065,0.14634326100349426,0.06055273860692978,0.006392450537532568,0.004779225680977106,0.0652492493391037,0.0003511809918563813,0.10076461732387543,0.10877825319766998,0.0728503093123436,0.003475662088021636,270,0,False
280,0.0775785967707634,0.13659024238586426,0.057213593274354935,0.006189628504216671,0.004719346761703491,0.06116555258631706,0.00036350867594592273,0.09463636577129364,0.09761949628591537,0.06505845487117767,0.003534221090376377,280,0,False
290,0.07310731709003448,0.127530038356781,0.05406154319643974,0.00598402414470911,0.004636650905013084,0.057328931987285614,0.0003732538898475468,0.0888630598783493,0.08801557123661041,0.05778319388628006,0.0035833646543323994,290,0,False
300,0.0689190924167633,0.11908005177974701,0.05109509080648422,0.005785624496638775,0.004543679766356945,0.05372874066233635,0.0003811214701272547,0.08341716229915619,0.07943607866764069,0.05100485682487488,0.003627076279371977,300,0,False
310,0.06501878798007965,0.1112724244594574,0.048307254910469055,0.005594703834503889,0.004445383790880442,0.05036594718694687,0.0003876671544276178,0.0782674103975296,0.07197128236293793,0.04484160616993904,0.003667576005682349,310,0,False
320,0.06139639765024185,0.10411720722913742,0.04567938670516014,0.005398654844611883,0.004327470436692238,0.04723767563700676,0.00039269664557650685,0.07338767498731613,0.06568993628025055,0.039412304759025574,0.003705693408846855,320,0,False
330,0.058022309094667435,0.09750702232122421,0.04321160539984703,0.005202135071158409,0.004197936039417982,0.044331662356853485,0.00039642647607252,0.06878450512886047,0.060018837451934814,0.034613464027643204,0.003741208929568529,330,0,False
340,0.05489211529493332,0.09142111241817474,0.040905438363552094,0.005010639317333698,0.004060543607920408,0.041635893285274506,0.00039861505501903594,0.06446321308612823,0.0549917034804821,0.03034749999642372,0.003773131174966693,340,0,False
350,0.052000775933265686,0.08584767580032349,0.03875741735100746,0.0048299515619874,0.003924183547496796,0.03913646936416626,0.0003995393926743418,0.06041007488965988,0.0507037416100502,0.026552414521574974,0.0038010673597455025,350,0,False
360,0.049333054572343826,0.0807531476020813,0.03675774857401848,0.004658936057239771,0.0037888772785663605,0.03682387247681618,0.00039936546818353236,0.05660860612988472,0.04704965278506279,0.023219076916575432,0.003825792809948325,360,0,False
370,0.04688124731183052,0.07612685114145279,0.034897997975349426,0.0044969962909817696,0.0036547507625073195,0.034689661115407944,0.00039827387081459165,0.05304478481411934,0.04408591240644455,0.020329589024186134,0.003848107298836112,370,0,False
380,0.044625092297792435,0.0719134658575058,0.03317010775208473,0.004343818873167038,0.0035239115823060274,0.032723717391490936,0.0003965044452343136,0.04970843344926834,0.04158233478665352,0.017845863476395607,0.003868495114147663,380,0,False
390,0.042543426156044006,0.0680599957704544,0.031563643366098404,0.004195088054984808,0.003391437930986285,0.030915070325136185,0.0003939144662581384,0.04659856855869293,0.039362452924251556,0.015719639137387276,0.0038873550947755575,390,0,False
400,0.040626008063554764,0.06454426050186157,0.030071575194597244,0.00405279453843832,0.0032609596382826567,0.02924956940114498,0.0003906135098077357,0.04370371624827385,0.03747399151325226,0.013892099261283875,0.003904550801962614,400,0,False
410,0.03885602205991745,0.06132493168115616,0.028685325756669044,0.0039163320325315,0.0031319824047386646,0.027714699506759644,0.00038655902608297765,0.041013143956661224,0.035815488547086716,0.012318841181695461,0.003920017275959253,410,0,False
420,0.03722316771745682,0.058382727205753326,0.0273967944085598,0.003785244422033429,0.0030060787685215473,0.026300033554434776,0.0003819094563368708,0.038515057414770126,0.034409619867801666,0.010968312621116638,0.003933844622224569,420,0,False
430,0.03571651875972748,0.05569382756948471,0.02619883418083191,0.0036596625577658415,0.0028834945987910032,0.024995826184749603,0.000376731448341161,0.03619551658630371,0.03323138877749443,0.009814230725169182,0.0039461469277739525,430,0,False
440,0.03433143347501755,0.05325514078140259,0.025084808468818665,0.0035403589718043804,0.0027649581898003817,0.023792263120412827,0.00037110893754288554,0.03403790295124054,0.032400406897068024,0.008832170628011227,0.003957013599574566,440,0,False
450,0.03305279463529587,0.0510258786380291,0.024048762395977974,0.0034264246933162212,0.0026512660551816225,0.02268296107649803,0.0003652312734629959,0.032034143805503845,0.03172711655497551,0.008005371317267418,0.003966715186834335,450,0,False
460,0.031870387494564056,0.04898209869861603,0.023084785789251328,0.0033165421336889267,0.002541575813665986,0.021660950034856796,0.00035916900378651917,0.03017808496952057,0.03115100786089897,0.0073122926987707615,0.0039755357429385185,460,0,False
470,0.030775919556617737,0.04710652679204941,0.022186964750289917,0.003210966009646654,0.0024368013255298138,0.0207170732319355,0.0003529811219777912,0.028458217158913612,0.03067934513092041,0.006726723164319992,0.003983540926128626,470,0,False
480,0.02976072207093239,0.04537978395819664,0.021349815651774406,0.003109285607933998,0.0023346529342234135,0.019843600690364838,0.00034654029877856374,0.026863684877753258,0.030287757515907288,0.006229306571185589,0.0039908066391944885,480,0,False
490,0.028818070888519287,0.043788015842437744,0.02056857757270336,0.0030113670509308577,0.002236643573269248,0.019034702330827713,0.00034001836320385337,0.025385182350873947,0.02996087074279785,0.005808201618492603,0.003997492603957653,490,0,False
500,0.02794165350496769,0.042317215353250504,0.019839219748973846,0.002917792182415724,0.0021436240058392286,0.018285062164068222,0.0003334879002068192,0.024012025445699692,0.02967633306980133,0.0054522426798939705,0.004003711510449648,500,0,False
510,0.02712581306695938,0.040954746305942535,0.019158082082867622,0.0028285696171224117,0.0020555551163852215,0.017590345814824104,0.00032701442250981927,0.02273629978299141,0.02941269241273403,0.005150577984750271,0.0040096198208630085,510,0,False
520,0.02636650763452053,0.03969532623887062,0.0185209009796381,0.002744539175182581,0.0019737831316888332,0.016944585368037224,0.00032067467691376805,0.021546559408307076,0.029212335124611855,0.004893063101917505,0.004015238955616951,520,0,False
530,0.02565917745232582,0.03852913901209831,0.017924660816788673,0.0026659260038286448,0.001898256130516529,0.01634439267218113,0.00031452695839107037,0.020436163991689682,0.02905004657804966,0.00467660604044795,0.0040207491256296635,530,0,False
540,0.025027306750416756,0.03752228990197182,0.01738012209534645,0.0025938923936337233,0.001827780157327652,0.015801914036273956,0.00030817691003903747,0.019424444064497948,0.029095593839883804,0.0045940205454826355,0.004024737048894167,540,0,False
550,0.024448296055197716,0.03661365434527397,0.01687823049724102,0.0025277440436184406,0.0017632062081247568,0.015307677909731865,0.000302053609630093,0.01849244348704815,0.029154647141695023,0.004581159446388483,0.004026815760880709,550,0,False
560,0.023908697068691254,0.03576511889696121,0.016411490738391876,0.0024673573207110167,0.0017043473199009895,0.014851999469101429,0.00029648441704921424,0.01763153448700905,0.02913680672645569,0.004580802284181118,0.00402920413762331,560,0,False
570,0.023403041064739227,0.03496704250574112,0.015974344685673714,0.0024129427038133144,0.0016507895197719336,0.014426818117499352,0.0002914652868639678,0.01683259755373001,0.029086029157042503,0.004569285083562136,0.004032658878713846,570,0,False
580,0.02292744629085064,0.034211769700050354,0.015563653782010078,0.0023646813351660967,0.001603935263119638,0.014028025791049004,0.00028714677318930626,0.016086360439658165,0.029002472758293152,0.004541166126728058,0.00403742678463459,580,0,False
590,0.02247961424291134,0.033494312316179276,0.015177948400378227,0.002321954583749175,0.001562970457598567,0.013653954491019249,0.0002835284103639424,0.01538470946252346,0.028872525319457054,0.004501156974583864,0.004043435677886009,590,0,False
600,0.02205805294215679,0.03281480446457863,0.014815181493759155,0.002283577574416995,0.001526505104266107,0.013302396051585674,0.0002804691030178219,0.01472076028585434,0.028725232928991318,0.004454643465578556,0.004050285089761019,600,0,False
610,0.021661432459950447,0.032174576073884964,0.014473031274974346,0.0022484161891043186,0.0014931218465790153,0.012970802374184132,0.0002777809859253466,0.014089146628975868,0.0286059882491827,0.0044029951095581055,0.004057563841342926,610,0,False
620,0.021288275718688965,0.0315730981528759,0.014149677939713001,0.0022157602943480015,0.0014621118316426873,0.012657384388148785,0.00027534979744814336,0.013486362993717194,0.028536418452858925,0.004347053822129965,0.004065024666488171,620,0,False
630,0.020937010645866394,0.031007422134280205,0.013844050467014313,0.002185502555221319,0.0014338267501443624,0.012361127883195877,0.00027314183535054326,0.012909302487969398,0.028516162186861038,0.004284468945115805,0.004072523210197687,630,0,False
640,0.020606543868780136,0.030475759878754616,0.013554912991821766,0.0021574588026851416,0.0014078076928853989,0.012080351822078228,0.00027113239048048854,0.012351682409644127,0.028565850108861923,0.004210310988128185,0.00408007251098752,640,0,False
650,0.020304203033447266,0.029995977878570557,0.013286356814205647,0.002133753849193454,0.0013859034515917301,0.011816570535302162,0.0002694377035368234,0.011807828210294247,0.028817489743232727,0.004111449234187603,0.004086405970156193,650,0,False
660,0.020036334171891212,0.029587049037218094,0.013043885119259357,0.0021144459024071693,0.0013669480103999376,0.01158109214156866,0.00026752956910058856,0.011302104219794273,0.02918613888323307,0.004055514000356197,0.004089847672730684,660,0,False
670,0.019786754623055458,0.029232095927000046,0.01281648874282837,0.002091226866468787,0.001343081472441554,0.011375129222869873,0.00026358553441241384,0.010835166089236736,0.02941778302192688,0.00417815987020731,0.0040876190178096294,670,0,False
680,0.019547559320926666,0.028867971152067184,0.012597307562828064,0.002074511256068945,0.001326648285612464,0.01116116251796484,0.0002618836297187954,0.010334676131606102,0.029887283220887184,0.004115828312933445,0.004090707749128342,680,0,False
690,0.019305244088172913,0.02848234958946705,0.012383379973471165,0.0020559816621243954,0.0013093875022605062,0.010958255268633366,0.0002600862644612789,0.009874369949102402,0.030021008104085922,0.004078165628015995,0.004094971809536219,690,0,False
700,0.019072361290454865,0.028118012472987175,0.012180076912045479,0.00203360035084188,0.001289044856093824,0.010774648748338223,0.00025732049834914505,0.009464967995882034,0.02994360961019993,0.004136651288717985,0.004097361117601395,700,0,False
710,0.01887914352118969,0.02780025824904442,0.012011626735329628,0.00202085729688406,0.0012757334625348449,0.010612597689032555,0.0002562870504334569,0.00909170787781477,0.03003290668129921,0.004067723639309406,0.004101830534636974,710,0,False
720,0.018712371587753296,0.02755635976791382,0.011862469837069511,0.0020030303858220577,0.0012592569692060351,0.01047413982450962,0.00025360804283991456,0.008788438513875008,0.03032183274626732,0.004044500645250082,0.004098314791917801,720,0,False
730,0.018543625250458717,0.027276592329144478,0.011720029637217522,0.0019869825337082148,0.0012444504536688328,0.010339973494410515,0.00025201993412338197,0.008481668308377266,0.030260136350989342,0.004022178240120411,0.004099767189472914,730,0,False
740,0.018395323306322098,0.027038823813199997,0.01159217394888401,0.0019729663617908955,0.0012319089146330953,0.010218995623290539,0.0002501614799257368,0.00819909106940031,0.030332595109939575,0.003996200859546661,0.004099783953279257,740,0,False
750,0.01825837418437004,0.026827452704310417,0.011470159515738487,0.0019581294618546963,0.001219438505358994,0.010101054795086384,0.00024851461057551205,0.00796666368842125,0.030569007620215416,0.003910520114004612,0.0041001164354383945,750,0,False
760,0.018128380179405212,0.026615653187036514,0.011359907686710358,0.0019455722067505121,0.0012091712560504675,0.009999265894293785,0.00024680764181539416,0.007717541418969631,0.03051118552684784,0.003927587531507015,0.0041004871018230915,760,0,False
770,0.01798546500504017,0.02638520672917366,0.01123453862965107,0.0019337305566295981,0.001199718564748764,0.009880131110548973,0.0002452314074616879,0.007448424585163593,0.030653545632958412,0.0038563236594200134,0.0041024875827133656,770,0,False
780,0.017854468896985054,0.02617538906633854,0.011120296083390713,0.001924622803926468,0.0011916407383978367,0.009779185056686401,0.0002438474039081484,0.007206950336694717,0.030672162771224976,0.003835989162325859,0.004104476887732744,780,0,False
790,0.017718495801091194,0.025960955768823624,0.011000513099133968,0.0019134797621518373,0.0011831525480374694,0.009668195620179176,0.0002422716497676447,0.006955687887966633,0.03075500763952732,0.0038104422856122255,0.004106057342141867,790,0,False
800,0.017579983919858932,0.025735940784215927,0.010880330577492714,0.0019023859640583396,0.0011755868326872587,0.009552237577736378,0.00024063713499344885,0.006724406033754349,0.030819574370980263,0.003739510430023074,0.004108532797545195,800,0,False
810,0.017459290102124214,0.02553802914917469,0.010772941634058952,0.0018953524995595217,0.001170394942164421,0.009454942308366299,0.00023990788031369448,0.006475131027400494,0.0309260543435812,0.003682470414787531,0.004112535621970892,810,0,False
820,0.017343271523714066,0.02535020001232624,0.010673342272639275,0.0018867738544940948,0.001165029825642705,0.009362716227769852,0.00023879206855781376,0.00627297256141901,0.030903548002243042,0.0036655187141150236,0.0041139558888971806,820,0,False
830,0.017218438908457756,0.025154296308755875,0.010562158189713955,0.0018794604111462831,0.001161148538812995,0.009260634891688824,0.00023726688232272863,0.0060462974943220615,0.03106851503252983,0.003593039931729436,0.004115669522434473,830,0,False
840,0.017110228538513184,0.024977535009384155,0.010468351654708385,0.0018719295039772987,0.0011572324438020587,0.009175519458949566,0.00023612492077518255,0.0058500138111412525,0.031062662601470947,0.0035672704689204693,0.004118090495467186,840,0,False
850,0.01699548400938511,0.024793904274702072,0.010367481969296932,0.001866714796051383,0.0011550358030945063,0.00908453669399023,0.0002352136216359213,0.005631255451589823,0.031109580770134926,0.0035394751466810703,0.004120290745049715,850,0,False
860,0.016889354214072227,0.024613751098513603,0.01027391292154789,0.0018599895993247628,0.0011522136628627777,0.008996991440653801,0.00023460965894628316,0.005445460323244333,0.031133189797401428,0.0034625916741788387,0.004126161802560091,860,0,False
870,0.016782987862825394,0.024441856890916824,0.010181451216340065,0.0018557747825980186,0.0011508414754644036,0.008914964273571968,0.00023362855426967144,0.0052358112297952175,0.03113039955496788,0.0034544900991022587,0.004128005355596542,870,0,False
880,0.016683220863342285,0.024279238656163216,0.010091561824083328,0.0018505603075027466,0.0011497013038024306,0.008831094950437546,0.00023284686903934926,0.005060143303126097,0.03124495968222618,0.0033705439418554306,0.004132552072405815,880,0,False
890,0.01658441871404648,0.024120615795254707,0.0100028645247221,0.0018461240688338876,0.0011492971098050475,0.008749782107770443,0.0002321232168469578,0.0048786187544465065,0.03133983165025711,0.0033129167277365923,0.004136068746447563,890,0,False
900,0.016490548849105835,0.023969575762748718,0.009921981021761894,0.0018424370791763067,0.0011494930367916822,0.008680014871060848,0.00023123741266317666,0.004713732283562422,0.0312383733689785,0.003334405366331339,0.004138174466788769,900,0,False
910,0.016395682469010353,0.023804306983947754,0.009838152676820755,0.0018396133091300726,0.0011507937451824546,0.008602596819400787,0.00023094043717719615,0.00452676834538579,0.031286343932151794,0.003245019819587469,0.0041443416848778725,910,0,False
920,0.016311058774590492,0.02367647923529148,0.009758885018527508,0.001835693372413516,0.0011522287968546152,0.008531862869858742,0.0002301827335031703,0.0043657743372023106,0.03145236521959305,0.003199587343260646,0.0041473000310361385,920,0,False
930,0.016224533319473267,0.023541277274489403,0.00967863854020834,0.0018321980023756623,0.001153932185843587,0.00846157781779766,0.0002295808808412403,0.004192552994936705,0.03157417103648186,0.003159907180815935,0.004151190631091595,930,0,False
940,0.016149412840604782,0.0234341062605381,0.00960717536509037,0.0018283904064446688,0.001156023470684886,0.008400519378483295,0.0002288034447701648,0.004062048625200987,0.03166145086288452,0.0031665388960391283,0.004153863992542028,940,0,False
950,0.016069546341896057,0.02330068312585354,0.009534874930977821,0.0018268643179908395,0.0011585485190153122,0.008338364772498608,0.000228544493438676,0.003885846585035324,0.0317220613360405,0.0031229956075549126,0.004158519208431244,950,0,False
960,0.015990108251571655,0.023170074447989464,0.009463215246796608,0.00182418804615736,0.001161613268777728,0.00827266089618206,0.0002282064378960058,0.0037667453289031982,0.03170625865459442,0.003078088629990816,0.004164135083556175,960,0,False
970,0.01591556891798973,0.02304474450647831,0.009395018219947815,0.0018227100372314453,0.001165352063253522,0.008212766610085964,0.0002281499037053436,0.003611483843997121,0.03174359351396561,0.0030355777125805616,0.004169834312051535,970,0,False
980,0.01584642380475998,0.022943520918488503,0.009330635890364647,0.0018207760294899344,0.0011690091341733932,0.008159762248396873,0.00022739505220670253,0.0034892738331109285,0.03176720440387726,0.003052424406632781,0.004172254353761673,980,0,False
990,0.015776803717017174,0.022828834131360054,0.00926895346492529,0.0018192504066973925,0.001172885880805552,0.008106386289000511,0.00022688359604217112,0.003368557197973132,0.03176232427358627,0.0030169393867254257,0.0041757263243198395,990,0,False
1000,0.015707893297076225,0.022713055834174156,0.009205212816596031,0.001818325137719512,0.001177372643724084,0.008048754185438156,0.00022677383094560355,0.0032452703453600407,0.03179856762290001,0.0029587207827717066,0.004182090517133474,1000,0,False
1010,0.015645330771803856,0.022612314671278,0.009149409830570221,0.0018183838110417128,0.0011818984057754278,0.008001415058970451,0.0002260781329823658,0.0031290508341044188,0.03182153031229973,0.002929405542090535,0.00418451614677906,1010,0,False
1020,0.015579449012875557,0.022507352754473686,0.009086540900170803,0.0018154835561290383,0.0011847906280308962,0.00794865284115076,0.00022613632609136403,0.0030151554383337498,0.03178677335381508,0.002933412091806531,0.004191488027572632,1020,0,False
1030,0.015521662309765816,0.02240931987762451,0.009034949354827404,0.0018168032402172685,0.0011909138411283493,0.0079016899690032,0.00022591231390833855,0.00291647482663393,0.0318109467625618,0.0028727662283927202,0.004195493645966053,1030,0,False
1040,0.015459406189620495,0.022313088178634644,0.008975987322628498,0.001814856193959713,0.0011948844185099006,0.007850986905395985,0.0002254356222692877,0.002812272636219859,0.031848788261413574,0.002851997734978795,0.004200158640742302,1040,0,False
1050,0.015404010191559792,0.022214313969016075,0.00892542488873005,0.0018163470085710287,0.0012014091480523348,0.007807734422385693,0.00022580265067517757,0.0027056632097810507,0.03180410712957382,0.002813001861795783,0.004206985235214233,1050,0,False
1060,0.01534615084528923,0.022125784307718277,0.00886896438896656,0.0018149884417653084,0.0012077268911525607,0.007757487706840038,0.00022547694970853627,0.0026122198905795813,0.03189869970083237,0.0027671486604958773,0.004212239757180214,1060,0,False
1070,0.015294214710593224,0.022051136940717697,0.008820941671729088,0.0018161420011892915,0.0012139537138864398,0.0077207968570292,0.00022503356740344316,0.0025184776168316603,0.0318719781935215,0.0028019999153912067,0.004213821608573198,1070,0,False
1080,0.01524029765278101,0.021956346929073334,0.008770541287958622,0.0018170943949371576,0.0012204439844936132,0.007674557156860828,0.00022552371956408024,0.0024250238202512264,0.03191426396369934,0.002723295008763671,0.004220602102577686,1080,0,False
1090,0.015192017890512943,0.021893447265028954,0.008724075742065907,0.0018171891570091248,0.001226504216901958,0.007635493762791157,0.0002245901123387739,0.002357159275561571,0.032000832259655,0.002720457036048174,0.004221214912831783,1090,0,False
1100,0.015142206102609634,0.021816696971654892,0.00867712777107954,0.0018185209482908249,0.001233736053109169,0.007597324438393116,0.0002245995419798419,0.0022746280301362276,0.03199123591184616,0.0027155294083058834,0.004225187003612518,1100,0,False
1110,0.015094643458724022,0.021741630509495735,0.008631947450339794,0.0018201509956270456,0.0012415664969012141,0.007556181401014328,0.0002246949588879943,0.0022031553089618683,0.03204674273729324,0.0026672077365219593,0.004229412414133549,1110,0,False
1120,0.01504539418965578,0.021671418100595474,0.008583834394812584,0.0018213553121313453,0.0012486465275287628,0.007520824670791626,0.00022459735919255763,0.002108462620526552,0.03207627311348915,0.0026814762968569994,0.004232665523886681,1120,0,False
1130,0.014998985454440117,0.021598484367132187,0.008539056405425072,0.0018233133014291525,0.00125739979557693,0.007477944251149893,0.00022459386673290282,0.0020481518004089594,0.03217068314552307,0.002608723007142544,0.004237212706357241,1130,0,False
1140,0.014955911785364151,0.021538348868489265,0.008495920337736607,0.00182578363455832,0.0012644183589145541,0.007441149093210697,0.00022440546308644116,0.0019793265964835882,0.03228393942117691,0.0025750058703124523,0.004240226931869984,1140,0,False
1150,0.014912014827132225,0.02148738130927086,0.008450162597000599,0.0018268597777932882,0.00127161736600101,0.0074087269604206085,0.00022440616157837212,0.0019060171907767653,0.032251518219709396,0.00266476534307003,0.004243337083607912,1150,0,False
1160,0.014868305996060371,0.021420661360025406,0.008410164155066013,0.0018306702841073275,0.0012790553737431765,0.007371076382696629,0.0002239905734313652,0.0018525045597925782,0.0323256216943264,0.002604738576337695,0.0042451173067092896,1160,0,False
1170,0.014825236052274704,0.021361833438277245,0.008366184309124947,0.0018335176864638925,0.0012876486871391535,0.007335121743381023,0.00022399744193535298,0.0017835733015090227,0.03242889791727066,0.002580336993560195,0.004248708952218294,1170,0,False
1180,0.014783600345253944,0.021309051662683487,0.008322389796376228,0.001836098381318152,0.0012968287337571383,0.007296966854482889,0.0002238492452306673,0.0017309660324826837,0.032514117658138275,0.002574492944404483,0.004252680577337742,1180,0,False
1190,0.01473862025886774,0.02125108800828457,0.00827711634337902,0.0018383419374004006,0.0013033838476985693,0.007258655037730932,0.00022359390277415514,0.0016730641946196556,0.032648779451847076,0.002541939029470086,0.004254702478647232,1190,0,False
1200,0.014697550795972347,0.02120387926697731,0.008233093656599522,0.0018422693246975541,0.0013106765691190958,0.007223467342555523,0.00022328330669552088,0.0016060940688475966,0.032793737947940826,0.002541179535910487,0.004257095046341419,1200,0,False
1210,0.014656098559498787,0.02115880884230137,0.008188894018530846,0.001844288082793355,0.0013179914094507694,0.0071836551651358604,0.00022264357539825141,0.0015728076687082648,0.03293776139616966,0.0025279319379478693,0.004259168636053801,1210,0,False
1220,0.014613276347517967,0.021113624796271324,0.008145404979586601,0.0018485139589756727,0.0013270268682390451,0.007149143610149622,0.00022179777442943305,0.001518340315669775,0.03308243304491043,0.002531591337174177,0.004258421715348959,1220,0,False
1230,0.014569645747542381,0.02107008546590805,0.00809651892632246,0.0018505386542528868,0.0013345555635169148,0.00710780406370759,0.00022135479957796633,0.0014665696071460843,0.033303339034318924,0.0025187532883137465,0.004260763060301542,1229,0,False
1240,0.014524644240736961,0.021027494221925735,0.008047493174672127,0.0018524851184338331,0.0013415950816124678,0.007066140417009592,0.00022023639758117497,0.0014214651891961694,0.03353876620531082,0.00250431802123785,0.004261159338057041,1240,0,False
1250,0.014484602026641369,0.020993569865822792,0.00800279900431633,0.0018562432378530502,0.0013506112154573202,0.007028610911220312,0.00021934430697001517,0.0013755117543041706,0.03380482271313667,0.0024855404626578093,0.004260809160768986,1248,0,False
1260,0.014436313882470131,0.020946117118000984,0.007950728759169579,0.001857834868133068,0.0013611254980787635,0.0069823116064071655,0.0002184687473345548,0.0013317088596522808,0.034042518585920334,0.002465301426127553,0.004261485300958157,1260,0,False
1270,0.014394577592611313,0.020907338708639145,0.007906581275165081,0.0018612490966916084,0.0013709946069866419,0.006945197936147451,0.0002173655666410923,0.0012910367222502828,0.034268997609615326,0.002444714307785034,0.004260339308530092,1270,0,False
1280,0.01434667780995369,0.020866109058260918,0.007853451184928417,0.0018616303568705916,0.0013782883761450648,0.006902662571519613,0.0002164255565730855,0.00123991584405303,0.03452879935503006,0.002448327373713255,0.004260252695530653,1280,0,False
1290,0.014303036965429783,0.020819351077079773,0.00780849251896143,0.0018640117486938834,0.0013891372364014387,0.00685901939868927,0.00021562198526225984,0.001202166429720819,0.03478187322616577,0.0023901083040982485,0.004259632900357246,1290,0,False
1300,0.014250999316573143,0.020771760493516922,0.007753951009362936,0.001862544915638864,0.001391647499985993,0.006815736647695303,0.0002142060111509636,0.0011597622651606798,0.03505046293139458,0.0023751333355903625,0.004257467575371265,1300,0,False
1310,0.014207366853952408,0.020730040967464447,0.007707370910793543,0.001861676573753357,0.0013968631392344832,0.006774117238819599,0.00021359063975978643,0.0011114320950582623,0.035326480865478516,0.0023455258924514055,0.004256345331668854,1309,0,False
1320,0.014161581173539162,0.020689748227596283,0.007654205895960331,0.0018587913364171982,0.0014047030126675963,0.006725862622261047,0.0002125177124980837,0.0010676783276721835,0.035771701484918594,0.00225413148291409,0.004256974905729294,1320,0,False
1330,0.014119552448391914,0.02065226249396801,0.007609613239765167,0.0018563773483037949,0.0014090640470385551,0.006688401103019714,0.0002111276553478092,0.001035203691571951,0.03598577901721001,0.002249955665320158,0.0042555383406579494,1330,0,False
1340,0.014071162790060043,0.02057841420173645,0.00756713654845953,0.001853794208727777,0.001412088400684297,0.00664993841201067,0.00020994975056964904,0.0009965478675439954,0.03603722155094147,0.0021853772923350334,0.004256114829331636,1340,0,False
1350,0.01402520015835762,0.020517656579613686,0.00752184446901083,0.0018485840409994125,0.001417405204847455,0.006608137395232916,0.00020895498164463788,0.0009553899872116745,0.036240603774785995,0.0021069771610200405,0.004257109947502613,1350,0,False
1360,0.013986071571707726,0.020465295761823654,0.007482293993234634,0.0018445178866386414,0.001423717592842877,0.006574935279786587,0.00020805334497708827,0.0009169275872409344,0.03641447052359581,0.002035784535109997,0.004259084351360798,1360,0,False
1370,0.013942321762442589,0.020391974598169327,0.007442953530699015,0.0018384046852588654,0.0014307465171441436,0.006542673800140619,0.0002074717776849866,0.0008734706789255142,0.036421503871679306,0.0019723204895853996,0.0042626275680959225,1370,0,False
1380,0.013908596709370613,0.020329682156443596,0.007413526065647602,0.0018331862520426512,0.001435923739336431,0.006514093838632107,0.00020706976647488773,0.0008486121660098433,0.036396075040102005,0.0019067231332883239,0.004266669508069754,1380,0,False
1390,0.013872839510440826,0.020266098901629448,0.0073805758729577065,0.0018273486057296395,0.001438239007256925,0.006488952785730362,0.0002065261360257864,0.0008049756288528442,0.03635943681001663,0.0018671054858714342,0.004271653946489096,1390,0,False
1400,0.013844646513462067,0.020198620855808258,0.007359520997852087,0.0018213618313893676,0.0014330361736938357,0.006468667648732662,0.00020532352209556848,0.0007819344173185527,0.03623301908373833,0.0017923775594681501,0.004276949912309647,1400,0,False
1410,0.01381634920835495,0.020126353949308395,0.0073395282961428165,0.0018165651708841324,0.0014290189137682319,0.006458448711782694,0.00020445114932954311,0.000748410529922694,0.035985756665468216,0.0017504558200016618,0.004283486399799585,1410,0,False
1420,0.01379370130598545,0.02006465196609497,0.00732410978525877,0.0018132508266717196,0.0014288790989667177,0.006447278894484043,0.00020388052507769316,0.0007214978686533868,0.03568577021360397,0.0017502708360552788,0.004290374927222729,1420,0,False
1430,0.013775259256362915,0.02000671997666359,0.00731397932395339,0.001811835914850235,0.0014354705344885588,0.0064399829134345055,0.00020356914319563657,0.0007031426066532731,0.03540318086743355,0.0017200702568516135,0.004296422936022282,1430,0,False
1440,0.013755854219198227,0.019958756864070892,0.007300938479602337,0.001810795976780355,0.0014412731397897005,0.0064306193962693214,0.00020400169887579978,0.0006805043667554855,0.03525849059224129,0.0016823463374748826,0.0042996895499527454,1439,1,False
1450,0.01373538188636303,0.0199517160654068,0.007283318787813187,0.0018091630190610886,0.0014431389281526208,0.00641987007111311,0.00020327202219050378,0.0006730015156790614,0.03539367392659187,0.0017039742087945342,0.004291321616619825,1450,0,False
1460,0.01372092217206955,0.01995875872671604,0.007270307280123234,0.0018116955179721117,0.0014471026370301843,0.006412123795598745,0.00020374656014610082,0.0006561807240359485,0.035524237900972366,0.001767556881532073,0.004281946923583746,1450,10,False
1470,0.013702036812901497,0.019935322925448418,0.007257900200784206,0.0018121255561709404,0.001449025934562087,0.006402589380741119,0.00020436430349946022,0.0006470799562521279,0.035552144050598145,0.001750368275679648,0.004276450723409653,1468,1,False
1480,0.013684086501598358,0.019906559959053993,0.007243205793201923,0.0018095498671755195,0.0014496949734166265,0.006393457297235727,0.00020493059128057212,0.0006278777727857232,0.035534825176000595,0.0017384684178978205,0.004276187624782324,1480,1,False
1490,0.013669777661561966,0.019869770854711533,0.007233696989715099,0.0018072277307510376,0.001450302079319954,0.006384341511875391,0.00020530186884570867,0.0006148518295958638,0.03550662472844124,0.0016672008205205202,0.004278119187802076,1490,0,False
1500,0.013651607558131218,0.019837258383631706,0.007221883628517389,0.0018057379638776183,0.001456055324524641,0.006374190095812082,0.00020558414689730853,0.000607551948633045,0.03533535823225975,0.0017000861698761582,0.004277688451111317,1500,0,False
1510,0.013634748756885529,0.019807791337370872,0.00720698619261384,0.0018025044118985534,0.0014566570753231645,0.006364598870277405,0.00020550475164782256,0.000589933420997113,0.0353214405477047,0.0016773466486483812,0.004279239568859339,1510,1,False
1520,0.013618317432701588,0.01977790892124176,0.007196227554231882,0.0018007330363616347,0.001457218430005014,0.006359413266181946,0.0002058295503957197,0.000576906546484679,0.035225022584199905,0.0016797427088022232,0.004278272390365601,1520,3,False
1530,0.013600184582173824,0.019745131954550743,0.007182867731899023,0.0017973079811781645,0.0014571230858564377,0.006343619432300329,0.0002064756554318592,0.0005685989162884653,0.035218335688114166,0.0016422452172264457,0.0042777471244335175,1530,0,False
1540,0.013583286665380001,0.019716663286089897,0.00717152887955308,0.0017952446360141039,0.001458094222471118,0.006335665937513113,0.00020683035836555064,0.000554935191757977,0.035121139138936996,0.0016586864367127419,0.004276334308087826,1539,0,False
1550,0.013569150120019913,0.01969878561794758,0.007159615401178598,0.0017912633484229445,0.0014571703504770994,0.006332912482321262,0.00020680800662375987,0.0005447781295515597,0.03507322818040848,0.0016829755622893572,0.004275375045835972,1550,0,False
1560,0.01355096697807312,0.01965893618762493,0.007146057672798634,0.0017867505084723234,0.0014567304169759154,0.006314999423921108,0.0002073806681437418,0.0005364492535591125,0.0350542776286602,0.0016207024455070496,0.004277195781469345,1560,1,False
1570,0.013535404577851295,0.01962820068001747,0.007135212421417236,0.001782221021130681,0.0014550264459103346,0.006306691560894251,0.00020758870232384652,0.0005247881053946912,0.0349939726293087,0.001603547716513276,0.004277265165001154,1570,1,False
1580,0.013518426567316055,0.019597014412283897,0.0071233646012842655,0.0017774200532585382,0.001450374023988843,0.00629632780328393,0.00020790650160051882,0.0005168827483430505,0.03496917709708214,0.0015740966191515326,0.004276324063539505,1580,1,False
1590,0.013502858579158783,0.019574692472815514,0.007112343795597553,0.0017744458746165037,0.0014479433884844184,0.0062913596630096436,0.00020826340187340975,0.000504501280374825,0.03488700091838837,0.0016049370169639587,0.004274272825568914,1589,0,False
1600,0.013486901298165321,0.019547734409570694,0.007097955793142319,0.001768681569956243,0.0014448901638388634,0.006277773529291153,0.0002086946478812024,0.00049680465599522,0.03492638096213341,0.001563657307997346,0.004275287967175245,1600,0,False
1610,0.013473914936184883,0.019521985203027725,0.007087616715580225,0.0017638849094510078,0.001442451262846589,0.006260685622692108,0.00020889975712634623,0.000494286126922816,0.03488326072692871,0.0015524976188316941,0.004276742227375507,1610,0,False
1620,0.013456311076879501,0.0194870475679636,0.007073881570249796,0.0017577506368979812,0.0014390537980943918,0.00625818083062768,0.00020937062799930573,0.00048160506412386894,0.03478028625249863,0.0015424937009811401,0.004278612323105335,1620,1,False
1630,0.013440368697047234,0.019456306472420692,0.007061213254928589,0.0017531148623675108,0.0014346387470141053,0.006240916904062033,0.00020930795290041715,0.0004690052883233875,0.03476528078317642,0.0015181818744167686,0.004279557149857283,1630,0,False
1640,0.013425948098301888,0.01942197047173977,0.007051152642816305,0.0017483036499470472,0.001429580501280725,0.006230407394468784,0.00021022124565206468,0.0004612330812960863,0.03467286378145218,0.0014942716807126999,0.0042817676439881325,1640,1,False
1650,0.01340921688824892,0.019384026527404785,0.007040344178676605,0.0017434951150789857,0.0014262755867093801,0.006219923030585051,0.00021074556570965797,0.0004572307225316763,0.0345829576253891,0.001457929378375411,0.0042828768491744995,1650,0,False
1660,0.013397518545389175,0.01937597244977951,0.007029249332845211,0.0017383176600560546,0.0014217387652024627,0.00621718168258667,0.00021065787586849183,0.0004446236416697502,0.034583885222673416,0.0015004652086645365,0.004280706401914358,1658,1,False
1670,0.013384580612182617,0.019351646304130554,0.0070167952217161655,0.0017320665065199137,0.0014192042872309685,0.0062041329219937325,0.00021139715681783855,0.00043823570013046265,0.03457600623369217,0.0014792426954954863,0.004283407237380743,1670,0,False
1680,0.013367874547839165,0.019291963428258896,0.00700370455160737,0.0017211602535098791,0.0014107057359069586,0.006189308129251003,0.0002112270740326494,0.0004327856586314738,0.034406330436468124,0.001391062862239778,0.0042938790284097195,1679,0,False
1690,0.013356400653719902,0.01925732009112835,0.006994784809648991,0.0017127434257417917,0.0014047978911548853,0.0061791157349944115,0.00021079315047245473,0.00042599462904036045,0.034323420375585556,0.0013496656902134418,0.004298669286072254,1686,0,False
1700,0.013343683443963528,0.019243357703089714,0.0069857253693044186,0.001711172633804381,0.0014125182060524821,0.006165620405226946,0.00021189598191995174,0.00041942409006878734,0.03446042165160179,0.0012964849593117833,0.0042939698323607445,1700,0,False
1710,0.013325848616659641,0.019218984991312027,0.006983128376305103,0.0017136760288849473,0.0014091318007558584,0.006167113780975342,0.0002123597078025341,0.00040772362262941897,0.03430228307843208,0.0013512693112716079,0.004282083362340927,1710,0,False
1720,0.013309874571859837,0.019182441756129265,0.006982260849326849,0.0017143326113000512,0.0014117688406258821,0.00616657268255949,0.00021260946232359856,0.00040319570689462125,0.03406990319490433,0.001367669552564621,0.004275432787835598,1720,0,False
1730,0.013288465328514576,0.019110500812530518,0.006972585804760456,0.0017112267669290304,0.0014145050663501024,0.0061474451795220375,0.0002140649303328246,0.0004032178840134293,0.03374218940734863,0.0013052766444161534,0.004282141104340553,1730,0,False
1740,0.013273749500513077,0.019077904522418976,0.00695884320884943,0.0017035230994224548,0.0014108698815107346,0.00613740598782897,0.00021416705567389727,0.00038887106347829103,0.03370513767004013,0.001272749388590455,0.0042863585986196995,1739,0,False
1750,0.013263452798128128,0.019075961783528328,0.006945206318050623,0.0016989198047667742,0.001399488770402968,0.006122369319200516,0.0002137355477316305,0.0003823653678409755,0.03393734619021416,0.0012351551558822393,0.004284543916583061,1750,8,False
1760,0.013263991102576256,0.019099073484539986,0.006937241647392511,0.0016934806481003761,0.001391640747897327,0.006124468054622412,0.000213417035411112,0.0003752745396923274,0.034140173345804214,0.0012617958709597588,0.004283825401216745,1750,18,False
1770,0.013255864381790161,0.0190647654235363,0.006935761775821447,0.0016917561879381537,0.0013914414448663592,0.00611896812915802,0.00021393373026512563,0.00037514965515583754,0.03397183492779732,0.0012243196833878756,0.004286677110940218,1769,28,False
1780,0.013237625360488892,0.019041040912270546,0.006922011263668537,0.0016884850338101387,0.0013935478636994958,0.006105664186179638,0.00021417970128823072,0.00036769863800145686,0.0339902900159359,0.0012147731613367796,0.004283473826944828,1777,0,False
1790,0.013223927468061447,0.01900278776884079,0.006919747684150934,0.001689032418653369,0.0013892684364691377,0.0060986001044511795,0.00021524241310544312,0.00036321929655969143,0.03382740169763565,0.0011882048565894365,0.004280951805412769,1790,1,False
1800,0.013223579153418541,0.019022250548005104,0.006925295107066631,0.001692039892077446,0.0013873875141143799,0.0061098202131688595,0.00021472957450896502,0.00035543323610909283,0.033950645476579666,0.0012165785301476717,0.004267758224159479,1790,8,False
1810,0.013208211399614811,0.019000956788659096,0.006916050799190998,0.0016899469774216413,0.0013847696827724576,0.006097492761909962,0.00021545887284446508,0.00034928799141198397,0.03398590162396431,0.0011948042083531618,0.004262895323336124,1810,18,False
1820,0.013197365216910839,0.018986588343977928,0.00691343704238534,0.0016905844677239656,0.0013840004103258252,0.0060978722758591175,0.00021507051133085042,0.00034211762249469757,0.03392699360847473,0.001212926348671317,0.004256180487573147,1818,0,False
1830,0.013190297409892082,0.018978284671902657,0.006903810892254114,0.0016857202863320708,0.0013826395152136683,0.006085581611841917,0.00021544835180975497,0.00033928913762792945,0.034075427800416946,0.0011574849486351013,0.004257444757968187,1827,0,False
1840,0.013184033334255219,0.018967993557453156,0.0069071329198777676,0.0016902675852179527,0.0013817802537232637,0.00609166594222188,0.0002161383454222232,0.00033328193239867687,0.03394784405827522,0.0011942889541387558,0.004250338301062584,1838,8,False
1850,0.01316907349973917,0.01894056238234043,0.0068884724751114845,0.0016794040566310287,0.0013718742411583662,0.006070645526051521,0.00021552565158344805,0.0003329116734676063,0.03405354171991348,0.0011242527980357409,0.004256345331668854,1850,0,False
1860,0.013162856921553612,0.018961995840072632,0.00688198721036315,0.0016795664560049772,0.0013681426644325256,0.00606872420758009,0.00021516213018912822,0.00032618531258776784,0.03429969400167465,0.0011502287816256285,0.0042457012459635735,1855,7,False
1870,0.013158099725842476,0.018943844363093376,0.0068832882679998875,0.00167963991407305,0.001367769087664783,0.006068460177630186,0.00021530408412218094,0.0003240028163418174,0.03418927639722824,0.0011410766746848822,0.004244721028953791,1855,17,False
1880,0.013143784366548061,0.018923021852970123,0.006880945526063442,0.0016804669285193086,0.0013710942585021257,0.0060719335451722145,0.0002156489936169237,0.00031322939321398735,0.03405196592211723,0.0011809261050075293,0.004235901869833469,1876,2,False
1890,0.013129616156220436,0.01889064721763134,0.00687147444114089,0.0016782168531790376,0.001367649296298623,0.006056949961930513,0.00021636858582496643,0.00031125551322475076,0.03408440202474594,0.0010989181464537978,0.004236261360347271,1890,0,False
1900,0.013126072473824024,0.018897878006100655,0.00686837499961257,0.001677205553278327,0.001367800636216998,0.006051980424672365,0.00021651116549037397,0.0003086916112806648,0.0342467837035656,0.0010815677233040333,0.00423089973628521,1890,10,False
1910,0.013117242604494095,0.01888331025838852,0.006866347044706345,0.001677200198173523,0.00136366649530828,0.006053455639630556,0.0002162400196539238,0.0002999611315317452,0.03417911008000374,0.0010956659680232406,0.004226273391395807,1909,1,False
1920,0.013109404593706131,0.018885618075728416,0.006863196846097708,0.0016775112599134445,0.0013658839743584394,0.006054644472897053,0.0002159987052436918,0.00029740406898781657,0.034219786524772644,0.001125635695643723,0.004218111280351877,1909,0,False
1930,0.01310005784034729,0.018871784210205078,0.00685992743819952,0.0016771815717220306,0.0013648399617522955,0.006054118741303682,0.00021616574667859823,0.00029231724329292774,0.034147799015045166,0.0011458615772426128,0.004213979002088308,1926,1,False
1940,0.013092954643070698,0.01886785589158535,0.006857669912278652,0.0016779399011284113,0.0013673440553247929,0.006049904972314835,0.0002162726887036115,0.0002892669872380793,0.034211013466119766,0.0011362473014742136,0.004207560792565346,1934,4,False
1950,0.013080774806439877,0.01884310320019722,0.00685331504791975,0.0016775259282439947,0.001364432624541223,0.00604139594361186,0.0002170231455238536,0.00028911809204146266,0.034204281866550446,0.0010895213345065713,0.00420356635004282,1950,14,False
1960,0.013072725385427475,0.01883525960147381,0.006843185517936945,0.001673400984145701,0.0013624762650579214,0.00602890457957983,0.0002172952808905393,0.0002829089935403317,0.034340597689151764,0.0010503449011594057,0.004203994292765856,1959,7,False
1970,0.013066302053630352,0.018826473504304886,0.00684202229604125,0.0016737340483814478,0.001362701877951622,0.006028555333614349,0.0002176660782424733,0.0002821531961672008,0.034363776445388794,0.0010276061948388815,0.004199209623038769,1969,6,False
1980,0.013057331554591656,0.018818320706486702,0.0068407743237912655,0.0016743922606110573,0.0013625683495774865,0.006030338816344738,0.00021702758385799825,0.00027681695064529777,0.03428573161363602,0.0010730583453550935,0.004191933199763298,1979,6,False
1990,0.013048443011939526,0.018815696239471436,0.006837713066488504,0.001675385283306241,0.0013642663834616542,0.006028185598552227,0.00021683175873477012,0.00027450878405943513,0.03433476388454437,0.0010827755322679877,0.00418375339359045,1986,4,False
2000,0.013041531667113304,0.018801013007760048,0.00683561060577631,0.0016755035612732172,0.0013625116553157568,0.006024071015417576,0.00021765552810393274,0.00027259046328254044,0.034326307475566864,0.0010559307411313057,0.004181324504315853,1992,2,False
2010,0.013033472932875156,0.01880655623972416,0.006828933954238892,0.001673376769758761,0.0013631184119731188,0.00602263817563653,0.00021660439961124212,0.0002691666304599494,0.034435492008924484,0.001076925196684897,0.0041746459901332855,1992,12,False
2020,0.0130294319242239,0.018791159614920616,0.006825054995715618,0.0016691699856892228,0.0013580354861915112,0.006023953668773174,0.00021613822900690138,0.00026240284205414355,0.03430744633078575,0.0010970912408083677,0.004178832285106182,2018,1,False
2030,0.013016603887081146,0.01876440830528736,0.006823101546615362,0.0016718728002160788,0.0013586506247520447,0.00601347116753459,0.00021681068756151944,0.0002620748127810657,0.034280549734830856,0.0010506752878427505,0.004172548186033964,2018,7,False
2040,0.013007575646042824,0.01875157654285431,0.00681947311386466,0.0016726087778806686,0.001360523048788309,0.0060080597177147865,0.00021846771414857358,0.00025940078194253147,0.03433338180184364,0.0010128166759386659,0.004167770966887474,2033,4,False
2050,0.013002367690205574,0.018752599135041237,0.006818158086389303,0.0016708942130208015,0.0013604003470391035,0.006013675592839718,0.00021715767798013985,0.0002571888908278197,0.034308817237615585,0.001053639454767108,0.004162127152085304,2048,1,False
2060,0.01299373246729374,0.018741099163889885,0.006816178560256958,0.0016720310086384416,0.001359189278446138,0.0060095894150435925,0.00021709196153096855,0.00025414591073058546,0.034326307475566864,0.0010379136074334383,0.0041561434045434,2055,0,False
2070,0.012983246706426144,0.018724551424384117,0.006810284219682217,0.0016718102851882577,0.0013591238530352712,0.006000824738293886,0.00021859924891032279,0.0002484388533048332,0.03436024487018585,0.0010076075559481978,0.004152944311499596,2070,5,False
2080,0.01297919824719429,0.018740292638540268,0.006808576174080372,0.001670420402660966,0.0013589822920039296,0.006009352393448353,0.00021696470503229648,0.0002435273490846157,0.03442049399018288,0.001072488958016038,0.004143881611526012,2077,3,False
2090,0.012970462441444397,0.018722612410783768,0.006804564502090216,0.0016699049156159163,0.0013592091854661703,0.005998789798468351,0.00021739714429713786,0.00024757441133260727,0.03447877615690231,0.001008315128274262,0.0041413744911551476,2077,3,False
2100,0.012963850982487202,0.018725141882896423,0.006800228264182806,0.0016689628828316927,0.0013578713405877352,0.005996911786496639,0.00021738326177001,0.00024062083684839308,0.03458033502101898,0.0010143856052309275,0.004135165363550186,2092,5,False
2110,0.012958384118974209,0.018714793026447296,0.006807359401136637,0.0016743518644943833,0.0013610243331640959,0.0060082958079874516,0.00021745757840108126,0.00023760339536238462,0.03434734791517258,0.0010869482066482306,0.004126464016735554,2103,4,False
2120,0.012951545417308807,0.018724428489804268,0.0067950524389743805,0.0016676081577315927,0.0013563645770773292,0.005996573716402054,0.00021658511832356453,0.0002424564736429602,0.03467768430709839,0.001024710014462471,0.004123564809560776,2112,4,False
2130,0.01294076070189476,0.018691226840019226,0.006799530237913132,0.001673555700108409,0.0013610261958092451,0.006002241279929876,0.00021848935284651816,0.00023002884699963033,0.03435526788234711,0.0010694066295400262,0.00411821948364377,2125,2,False
2140,0.012930884025990963,0.01867690682411194,0.00679059186950326,0.0016699141124263406,0.0013573946198448539,0.005987177137285471,0.00021867337636649609,0.0002329370763618499,0.034492477774620056,0.0010008763056248426,0.004117210395634174,2140,12,False
2150,0.01292596384882927,0.018681200221180916,0.006786952260881662,0.0016680480912327766,0.0013568633003160357,0.005980229005217552,0.00021819064568262547,0.0002391764137428254,0.034658290445804596,0.0009690832230262458,0.004111599177122116,2149,6,False
2160,0.012917352840304375,0.018673457205295563,0.0067842015996575356,0.0016687512397766113,0.0013593764742836356,0.005984447430819273,0.00021791624021716416,0.00022868036467116326,0.034611716866493225,0.000999797717668116,0.004105765372514725,2158,0,False
2170,0.01290893740952015,0.018659988418221474,0.006784927099943161,0.0016703726723790169,0.0013611058238893747,0.005985175725072622,0.0002181765594286844,0.00022567634005099535,0.03453410416841507,0.0010125318076461554,0.004098925739526749,2165,2,False
2180,0.012899543158710003,0.01864759810268879,0.006782221607863903,0.0016720561543479562,0.0013603094266727567,0.005982662551105022,0.00021866898168809712,0.00022108180564828217,0.03451776131987572,0.00101176043972373,0.004093267023563385,2180,5,False
2190,0.012894785031676292,0.018659068271517754,0.006780628114938736,0.0016705371672287583,0.0013605908025056124,0.005990065634250641,0.00021778792142868042,0.00021832222410012037,0.034581076353788376,0.0010565128177404404,0.004084463231265545,2187,5,False
2200,0.012885389849543571,0.01864471659064293,0.006773180328309536,0.0016697937389835715,0.001359020359814167,0.005974657367914915,0.00021812641352880746,0.0002198137080995366,0.03468604385852814,0.0009987230878323317,0.004083017352968454,2196,2,False
2210,0.01287927757948637,0.018635863438248634,0.00677617359906435,0.001671664067544043,0.001360936090350151,0.005981120280921459,0.0002179561706725508,0.0002175768604502082,0.034567900002002716,0.0010349517688155174,0.004075923003256321,2206,0,False
2220,0.012871349230408669,0.018625864759087563,0.006771798245608807,0.0016703817527741194,0.0013618407538160682,0.005978166125714779,0.00021892620134167373,0.0002143044985132292,0.03458103910088539,0.0010261369170621037,0.004072769079357386,2213,5,False
2230,0.012864802032709122,0.018626941367983818,0.006766810081899166,0.0016697498504072428,0.0013610849855467677,0.005969488061964512,0.00021839393593836576,0.0002159132418455556,0.034731507301330566,0.0009994386928156018,0.004067466128617525,2224,6,False
2240,0.01285536028444767,0.018614839762449265,0.006764587014913559,0.0016696794191375375,0.0013597863726317883,0.0059691560454666615,0.00021834047220181674,0.00021378564997576177,0.03469755873084068,0.001006399281322956,0.004061328712850809,2238,0,False
2250,0.012850545346736908,0.018617810681462288,0.006765628699213266,0.001671230187639594,0.0013620706740766764,0.005976290907710791,0.00021782000840175897,0.00020899511582683772,0.03470567986369133,0.001034060842357576,0.004053002689033747,2246,1,False
2260,0.012843858450651169,0.018614882603287697,0.006762423552572727,0.0016705819871276617,0.0013606071006506681,0.005970954429358244,0.00021754838235210627,0.00020703305199276656,0.03475767746567726,0.0010370321106165648,0.004047825001180172,2255,11,False
2270,0.012833446264266968,0.018588922917842865,0.00675983214750886,0.0016726175090298057,0.001364016206935048,0.005960403475910425,0.00021948455832898617,0.00020684984338004142,0.03470417857170105,0.0009951593820005655,0.004045347683131695,2263,5,False
2280,0.01282575074583292,0.018566975370049477,0.006759057752788067,0.001672724261879921,0.0013634407659992576,0.005961764138191938,0.0002199003065470606,0.00020631271763704717,0.034609295427799225,0.0009703329997137189,0.0040436312556266785,2280,0,False
2290,0.012818673625588417,0.018572939559817314,0.00675135338678956,0.001669249264523387,0.0013597214128822088,0.005957375280559063,0.0002192695828853175,0.0002050062466878444,0.034782543778419495,0.0009619107586331666,0.004038453102111816,2280,8,False
2300,0.01281420886516571,0.018581371754407883,0.006754811853170395,0.0016729669878259301,0.001363321440294385,0.005964911077171564,0.00021844726870767772,0.00020030846644658595,0.03476914390921593,0.0010219187242910266,0.004026832524687052,2280,0,False
2310,0.012805555947124958,0.018572239205241203,0.00675157830119133,0.00167266302742064,0.0013628919841721654,0.00596484774723649,0.00021848078176844865,0.00019744352903217077,0.03475429117679596,0.0010304864263162017,0.0040216343477368355,2306,0,False
2320,0.012796951457858086,0.01856282539665699,0.00674609187990427,0.0016710556810721755,0.0013632323825731874,0.005959612317383289,0.00021916006517130882,0.00019895457080565393,0.03478584066033363,0.001017540111206472,0.00401844410225749,2318,3,False
2330,0.012792347930371761,0.018557287752628326,0.006747907493263483,0.001671999110840261,0.0013621740508824587,0.00595784792676568,0.00021873158402740955,0.00019946582324337214,0.03480687364935875,0.0010033997241407633,0.0040121376514434814,2325,4,False
2340,0.012782972306013107,0.018542541190981865,0.006742206867784262,0.001670184312388301,0.0013614397030323744,0.005952872801572084,0.00021848283358849585,0.00019925774540752172,0.03478052467107773,0.0009987847879529,0.004010289441794157,2339,1,False
2350,0.012775318697094917,0.018540017306804657,0.0067388201132416725,0.00166985928080976,0.0013606779975816607,0.005947526544332504,0.00021855536033399403,0.00019899301696568727,0.03485451266169548,0.0009951750980690122,0.004003745038062334,2339,8,False
2360,0.012772319838404655,0.018556909635663033,0.006736530922353268,0.0016706904862076044,0.0013635213254019618,0.005947928410023451,0.00021832718630321324,0.00019375381816644222,0.03503844141960144,0.001004940364509821,0.003995181061327457,2352,4,False
2370,0.012760469689965248,0.018526555970311165,0.006732279900461435,0.0016703733708709478,0.0013636737130582333,0.005943269468843937,0.0002192973915953189,0.00019280848209746182,0.03492724150419235,0.0009751262259669602,0.003994234371930361,2363,3,False
2380,0.012755673378705978,0.018525416031479836,0.006731728557497263,0.0016711096977815032,0.0013651404296979308,0.00594386737793684,0.0002192471583839506,0.00018838359392248094,0.03493895381689072,0.0009895561961457133,0.003988725133240223,2379,13,False
2390,0.012748675420880318,0.018521178513765335,0.006729086395353079,0.0016708740731701255,0.0013638942036777735,0.0059434594586491585,0.00021879459382034838,0.0001859306066762656,0.03497210890054703,0.0009906640043482184,0.00398314418271184,2386,1,False
2400,0.012740375474095345,0.018511291593313217,0.006724894978106022,0.001669502118602395,0.0013650815235450864,0.005943951662629843,0.00021926569752395153,0.00018479625578038394,0.034905191510915756,0.001017823233269155,0.003980117384344339,2393,5,False
2410,0.012734498828649521,0.01851085014641285,0.006722257938235998,0.0016707011964172125,0.0013651798944920301,0.005933335982263088,0.00021963617473375052,0.00018524573533795774,0.03507552295923233,0.0009711151942610741,0.003973647486418486,2403,6,False
2420,0.012726393528282642,0.018496831879019737,0.006719962693750858,0.0016701442655175924,0.0013648879248648882,0.005932035855948925,0.00021962428581900895,0.00018398353131487966,0.035051487386226654,0.000957293261308223,0.003969810903072357,2419,0,False
2430,0.012721337378025055,0.018491264432668686,0.006724888924509287,0.001673720427788794,0.0013654401991516352,0.005943820346146822,0.00021929852664470673,0.00018219144840259105,0.034910596907138824,0.0010075053432956338,0.003961427602916956,2430,0,False
2440,0.012713607400655746,0.0184909887611866,0.0067179566249251366,0.0016718956176191568,0.0013671743217855692,0.005936335306614637,0.00021965506311971694,0.00018172753334511071,0.035021983087062836,0.001000314368866384,0.003957259003072977,2435,6,False
2450,0.012708446010947227,0.018486911430954933,0.0067152888514101505,0.001671286066994071,0.0013686700258404016,0.0059254905208945274,0.000219430512515828,0.00018509318761061877,0.035082269459962845,0.0009857940021902323,0.003953954670578241,2448,3,False
2460,0.01270171720534563,0.018485868349671364,0.006715613417327404,0.0016718090046197176,0.0013658714015036821,0.005936705507338047,0.00021846122399438173,0.0001810518151614815,0.035063765943050385,0.0010142342653125525,0.003945237956941128,2456,0,False
2470,0.012694383040070534,0.01847456395626068,0.006709685083478689,0.0016702640568837523,0.0013667813036590815,0.005929657258093357,0.00021956833370495588,0.00017771079728845507,0.03511696308851242,0.0009814163204282522,0.003944409545511007,2456,10,False
2480,0.012688584625720978,0.018477456644177437,0.006711910478770733,0.0016721530118957162,0.0013695332454517484,0.005933697801083326,0.00021888388437218964,0.00017829524585977197,0.03511818125844002,0.0010148923611268401,0.003933854401111603,2476,3,False
2490,0.012682252563536167,0.018459822982549667,0.006711562164127827,0.0016737360274419188,0.0013700744602829218,0.005930878221988678,0.0002200922172050923,0.00018051869119517505,0.03504535183310509,0.0009938478469848633,0.003932103514671326,2476,13,False
2500,0.012672780081629753,0.018445760011672974,0.006703387945890427,0.0016714015509933233,0.001369466190226376,0.005917171481996775,0.00022011739201843739,0.00017714017303660512,0.03512987494468689,0.0009523663902655244,0.003931250888854265,2500,2,False
2510,0.012668664567172527,0.018462158739566803,0.006704824976623058,0.0016719645354896784,0.0013700121780857444,0.00593353109434247,0.00021889872732572258,0.00017091809422709048,0.03510783612728119,0.0010507528204470873,0.003919588401913643,2506,0,False
2520,0.012661997228860855,0.018452495336532593,0.006697373930364847,0.0016695385565981269,0.0013688020408153534,0.005916693713515997,0.0002189675287809223,0.0001763978216331452,0.03526054695248604,0.0009786299197003245,0.003919839393347502,2506,1,False
2530,0.012653380632400513,0.01844145357608795,0.006695783697068691,0.0016706548631191254,0.001368233934044838,0.0059160953387618065,0.0002191599051002413,0.0001762309402693063,0.03521681949496269,0.0009881665464490652,0.003914012107998133,2528,2,False
2540,0.012648122385144234,0.018439574167132378,0.006694818381220102,0.0016692079370841384,0.0013672333443537354,0.005919755902141333,0.00021896231919527054,0.0001725050969980657,0.03523615747690201,0.0009968497324734926,0.0039083585143089294,2538,2,False
2550,0.01264135167002678,0.01842597872018814,0.006694289389997721,0.0016700085252523422,0.0013681368436664343,0.005916337948292494,0.00021895021200180054,0.00017458628281019628,0.03522470220923424,0.0009691856685094535,0.0039043757133185863,2538,12,False
2560,0.012634667567908764,0.0184340663254261,0.006686955690383911,0.0016692507779225707,0.0013704169541597366,0.005915482062846422,0.00021912851661909372,0.0001660209527472034,0.03532160073518753,0.0010040493216365576,0.003899451345205307,2554,2,False
2570,0.012628873810172081,0.018422119319438934,0.006688305176794529,0.001671741483733058,0.001373651553876698,0.005911776330322027,0.0002201362804044038,0.00016678906104061753,0.03528638929128647,0.0009900156874209642,0.003894655266776681,2563,7,False
2580,0.01261912938207388,0.018401289358735085,0.006684294901788235,0.0016722657019272447,0.001372234895825386,0.005906127858906984,0.00022098387125879526,0.00016518085612915456,0.035264186561107635,0.0009544201311655343,0.003892463631927967,2578,0,False
2590,0.012613973580300808,0.018400782719254494,0.006680624093860388,0.0016695422818884254,0.0013697065878659487,0.0059059178456664085,0.0002198700385633856,0.00016303666052408516,0.03529239073395729,0.0009706315468065441,0.0038891464937478304,2589,10,False
2600,0.012606936506927013,0.01839791052043438,0.006678325589746237,0.0016693882644176483,0.0013687366154044867,0.005902752745896578,0.00021968041255604476,0.00016706141468603164,0.03535519912838936,0.0009606722742319107,0.0038826109375804663,2589,9,False
2610,0.012603381648659706,0.018402129411697388,0.006675697863101959,0.0016690955962985754,0.001369402976706624,0.005896189250051975,0.00022011277906131,0.00016767624765634537,0.03551756590604782,0.0009259755606763065,0.0038777680601924658,2602,7,False
2620,0.012595115229487419,0.018389753997325897,0.006674425210803747,0.0016705269226804376,0.0013707684120163321,0.005897278897464275,0.00021969662338960916,0.00016433096607215703,0.03542279824614525,0.0009523177286610007,0.003872948233038187,2613,6,False
2630,0.012586887925863266,0.01837398111820221,0.006678389851003885,0.0016737051773816347,0.001370778540149331,0.005905725993216038,0.00021982907492201775,0.0001565358688822016,0.03525017946958542,0.0009941563475877047,0.0038646601606160402,2630,0,False
2640,0.01258105132728815,0.018376268446445465,0.006670873612165451,0.0016709225019440055,0.0013695094967260957,0.005902829114347696,0.00022009704844094813,0.00015546414942946285,0.035378627479076385,0.000979359494522214,0.0038624985609203577,2631,5,False
2650,0.012574862688779831,0.01837795041501522,0.0066705504432320595,0.0016718640690669417,0.001370245241560042,0.005906079430133104,0.00021915901743341237,0.00015262563829310238,0.03539467602968216,0.001007928280159831,0.0038540824316442013,2648,15,False
2660,0.01256930734962225,0.018371250480413437,0.006667511072009802,0.0016690533375367522,0.0013668935280293226,0.005901257041841745,0.0002185369812650606,0.00015998055459931493,0.03538532182574272,0.001010732725262642,0.003852046327665448,2656,1,False
2670,0.012562769465148449,0.01836368441581726,0.006666641682386398,0.0016726243775337934,0.0013721268624067307,0.005898072384297848,0.00022002220794092864,0.00015392333443742245,0.03539460897445679,0.0010039053158834577,0.0038466595578938723,2664,4,False
2680,0.012556462548673153,0.018359079957008362,0.006659329868853092,0.0016684804577380419,0.0013698836555704474,0.005891027860343456,0.00021988540538586676,0.0001568626903463155,0.03552047163248062,0.0009616693714633584,0.0038458211347460747,2674,2,False
2690,0.0125495046377182,0.018351957201957703,0.006656625308096409,0.0016673505306243896,0.0013665430014953017,0.005889896769076586,0.0002194862172473222,0.00015568046364933252,0.03552348166704178,0.0009650203282944858,0.0038414974696934223,2688,12,False
2700,0.012542675249278545,0.01834408938884735,0.0066604106687009335,0.0016703183064237237,0.0013678842224180698,0.005897375289350748,0.00021930958610028028,0.00015142936899792403,0.03540843352675438,0.001007863786071539,0.003832341404631734,2697,3,False
2710,0.012535175308585167,0.018332919105887413,0.006656383164227009,0.0016709978226572275,0.001369293313473463,0.005889521446079016,0.0002204703341703862,0.0001543108228361234,0.03542293235659599,0.0009876479161903262,0.003829952795058489,2703,8,False
2720,0.01252853125333786,0.018324609845876694,0.006653292570263147,0.0016699660336598754,0.0013694127555936575,0.005882905330508947,0.00022016555885784328,0.00015669497952330858,0.03548542410135269,0.0009551939438097179,0.0038263218011707067,2720,5,False
2730,0.012524637393653393,0.01833196170628071,0.0066494448110461235,0.0016676258528605103,0.0013666830491274595,0.005886651575565338,0.0002189222286688164,0.00015282366075553,0.03553784638643265,0.0009886824991554022,0.003822179278358817,2727,1,False
2740,0.01252039149403572,0.01834155060350895,0.0066490499302744865,0.001667929464019835,0.0013670922489836812,0.00588605273514986,0.00021851356723345816,0.00015348076703958213,0.03560040146112442,0.0010260915150865912,0.003813585266470909,2736,8,False
2750,0.01251144241541624,0.018314572051167488,0.00664896285161376,0.0016691122436895967,0.0013657341478392482,0.005880306474864483,0.00021915743127465248,0.0001557020441396162,0.03555392101407051,0.000963343889452517,0.0038106944411993027,2744,3,False
2760,0.012503699399530888,0.018294470384716988,0.006647919770330191,0.0016707952599972486,0.0013671083142980933,0.005886297672986984,0.00022018255549483,0.00014924799324944615,0.03537691757082939,0.0009862273000180721,0.0038093815091997385,2760,13,False
2770,0.012496227398514748,0.018298283219337463,0.006643526256084442,0.001669405261054635,0.0013644940918311477,0.005884389393031597,0.00021969422232359648,0.00014808549894951284,0.03548353165388107,0.0009959355229511857,0.003801763756200671,2761,7,False
2780,0.012492244131863117,0.01829589158296585,0.006644039414823055,0.0016705043381080031,0.001368815777823329,0.005886445287615061,0.0002191606181440875,0.0001459282502764836,0.03546925634145737,0.001007087412290275,0.0037969648838043213,2775,1,False
2790,0.012484622187912464,0.018287422135472298,0.0066379220224916935,0.0016692711506038904,0.0013663775753229856,0.00587738212198019,0.0002200467570219189,0.00014770348207093775,0.035505760461091995,0.00099691073410213,0.0037953583523631096,2775,11,False
2800,0.012477817013859749,0.01828077621757984,0.006634493824094534,0.0016690768534317613,0.0013672044733539224,0.005871389992535114,0.0002206623030360788,0.00014924784773029387,0.03557655215263367,0.0009680897928774357,0.0037912833504378796,2792,5,False
2810,0.012470933608710766,0.018264442682266235,0.006631066557019949,0.0016676835948601365,0.0013662270503118634,0.0058685485273599625,0.00022060252376832068,0.0001465441018808633,0.03553979843854904,0.0009477082639932632,0.0037909317761659622,2810,15,False
2820,0.012467725202441216,0.018277201801538467,0.006626436021178961,0.0016654443461447954,0.001363813178613782,0.005858501885086298,0.00021959752484690398,0.00015191636339295655,0.03575042635202408,0.0009334151400253177,0.003785517532378435,2811,5,False
2830,0.01246105320751667,0.018280062824487686,0.006623625755310059,0.0016650917241349816,0.0013653055066242814,0.005869253538548946,0.00021919552818872035,0.00014421423838939518,0.03566165640950203,0.0010194157948717475,0.0037794816307723522,2828,2,False
2840,0.012453574687242508,0.01826467178761959,0.006624099798500538,0.0016669180477038026,0.0013624824350699782,0.005864288192242384,0.00021925708279013634,0.00014642109454143792,0.035687826573848724,0.0009698971407487988,0.0037737463135272264,2828,3,False
2850,0.012446851469576359,0.018253803253173828,0.0066230944357812405,0.0016670800978317857,0.0013663687277585268,0.0058678830973804,0.00021991536777932197,0.00014566184836439788,0.03559558093547821,0.0009894141694530845,0.0037702012341469526,2847,0,False
2860,0.012439345940947533,0.01824021153151989,0.006619838532060385,0.0016684079309925437,0.0013637164374813437,0.005857993848621845,0.00022090824495535344,0.00014217878924682736,0.035641252994537354,0.0009516581776551902,0.0037673162296414375,2853,7,False
2870,0.012438148260116577,0.01826319471001625,0.006614337675273418,0.0016640599351376295,0.0013642424019053578,0.005862371064722538,0.00021957149147056043,0.0001443220244254917,0.035814318805933,0.0009835856035351753,0.00376251433044672,2853,17,False
2880,0.012425480410456657,0.018224481493234634,0.00661040935665369,0.001665265066549182,0.0013634434435516596,0.005848695058375597,0.00022022325720172375,0.00014217950229067355,0.03568171709775925,0.0009377988171763718,0.0037629716098308563,2880,0,False
2890,0.012422595173120499,0.018233828246593475,0.006615960504859686,0.0016680629923939705,0.0013646469451487064,0.005863970145583153,0.00021946788183413446,0.00014086432929616421,0.03563239052891731,0.001001749886199832,0.0037513694260269403,2887,10,False
2900,0.01241577509790659,0.018225952982902527,0.006611485034227371,0.0016655419021844864,0.0013630329631268978,0.0058610690757632256,0.00021945746266283095,0.0001401472691213712,0.03565850108861923,0.00099171360488981,0.0037489754613488913,2895,4,False
2910,0.012409161776304245,0.018229234963655472,0.0066033536568284035,0.001663514063693583,0.0013606566935777664,0.005853461101651192,0.00021924407337792218,0.00013895216397941113,0.035775382071733475,0.000997172319330275,0.0037462778855115175,2906,4,False
2920,0.012403392232954502,0.018218994140625,0.006600552704185247,0.0016638832166790962,0.0013631681213155389,0.005848532076925039,0.0002197246067225933,0.0001391562691424042,0.03580254688858986,0.0009654733585193753,0.0037444441113620996,2919,14,False
2930,0.012395311146974564,0.018201474100351334,0.006599066313356161,0.0016634727362543344,0.0013626101426780224,0.005849211476743221,0.00022036221344023943,0.0001370772806694731,0.0357021801173687,0.0009704890544526279,0.003741615917533636,2924,2,False
2940,0.012392357923090458,0.01821920834481716,0.006599108222872019,0.001664372393861413,0.001362197450362146,0.005856183357536793,0.00021898988052271307,0.00013350248627830297,0.03580007702112198,0.001018912298604846,0.0037313622888177633,2937,12,False
2950,0.012388581410050392,0.018208159133791924,0.006601835135370493,0.0016653233906254172,0.001363552757538855,0.005856096278876066,0.00021895370446145535,0.00013756085536442697,0.035697560757398605,0.0010279901325702667,0.003728195559233427,2945,3,False
2960,0.012377183884382248,0.018189027905464172,0.006595027633011341,0.001665103598497808,0.0013618965167552233,0.005845633335411549,0.00022004505444783717,0.00013574693002738059,0.03575529530644417,0.0009764533606357872,0.003725334070622921,2960,13,False
2970,0.012372689321637154,0.018187815323472023,0.006590657867491245,0.0016635492211207747,0.0013622603146359324,0.005841036327183247,0.00022010799148119986,0.00013418954040389508,0.035820528864860535,0.0009693110478110611,0.003723513800650835,2968,6,False
2980,0.01236729696393013,0.01818213425576687,0.006592086516320705,0.0016653698403388262,0.0013636472867801785,0.0058465502224862576,0.00021976217976771295,0.00013161836250219494,0.03573771193623543,0.0010019898181781173,0.0037176068872213364,2968,2,False
2990,0.012359009124338627,0.01816718652844429,0.006585898343473673,0.0016637418884783983,0.0013627225998789072,0.005838234908878803,0.00022017322771716863,0.00013383451732806861,0.0357271246612072,0.0009846576722338796,0.0037176304031163454,2990,1,False
3000,0.012356571853160858,0.01817682757973671,0.006581398658454418,0.0016618066001683474,0.0013617143267765641,0.00583459110930562,0.000220142028410919,0.00013523177767638117,0.03589426726102829,0.0009675599867478013,0.003714365419000387,2992,7,False
3010,0.012350407429039478,0.01817845180630684,0.006580729968845844,0.0016627386212348938,0.0013635081704705954,0.005837003700435162,0.0002198995352955535,0.00013367786596063524,0.035915959626436234,0.000992132001556456,0.00370632391422987,3006,17,False
3020,0.012341876514256,0.018164584413170815,0.006578271742910147,0.0016626681899651885,0.0013607003493234515,0.005837367381900549,0.0002196868445025757,0.000131042514112778,0.03583778068423271,0.0010082151275128126,0.003702550195157528,3016,3,False
3030,0.012338902801275253,0.018165888264775276,0.006573549471795559,0.0016599412774667144,0.0013612855691462755,0.005835454910993576,0.00021929240028839558,0.0001296467671636492,0.035895686596632004,0.0010075557511299849,0.0037023304030299187,3025,13,False
3040,0.012332051992416382,0.018156353384256363,0.006569699849933386,0.0016596822533756495,0.0013581387465819716,0.0058244140818715096,0.00022000742319505662,0.0001314268447458744,0.03599996492266655,0.0009559110039845109,0.003699138993397355,3033,23,False
3050,0.01232562679797411,0.018149832263588905,0.006570504512637854,0.0016613885527476668,0.0013608253793790936,0.005828619934618473,0.0002196742279920727,0.00012885653995908797,0.035941921174526215,0.0009782840497791767,0.003692534752190113,3044,4,False
3060,0.01231644582003355,0.018122976645827293,0.006566841155290604,0.0016616645734757185,0.0013622356345877051,0.005823402665555477,0.00022032884589862078,0.00012806672020815313,0.03582044690847397,0.0009569101966917515,0.003693564562126994,3053,4,False
3070,0.0123122688382864,0.018129685893654823,0.0065651885233819485,0.0016628981102257967,0.0013622973347082734,0.005819118581712246,0.00022093681036494672,0.00013012283307034522,0.03595559671521187,0.0009454870596528053,0.0036865260917693377,3053,6,False
3080,0.012309362180531025,0.018136482685804367,0.0065635377541184425,0.001662141876295209,0.0013625266728922725,0.005826826207339764,0.00022064668883103877,0.00012682708620559424,0.035913705825805664,0.001009455299936235,0.003682650625705719,3053,16,False
3090,0.01229882799088955,0.018105946481227875,0.006558059249073267,0.0016596431378275156,0.0013608511071652174,0.005818462464958429,0.00022034914582036436,0.00012680792133323848,0.03584425896406174,0.0009585900115780532,0.003684228751808405,3090,0,False
3100,0.012294279411435127,0.01810777559876442,0.006557891611009836,0.0016613975167274475,0.0013610367896035314,0.005820103920996189,0.00022063913638703525,0.00012272382446099073,0.03587619215250015,0.0009742630645632744,0.003677587490528822,3090,5,False
3110,0.012288861908018589,0.018107004463672638,0.006554745137691498,0.0016626643482595682,0.0013614982599392533,0.00581468315795064,0.00022082883515395224,0.00012060698645655066,0.03593241423368454,0.0009764659916982055,0.003673393512144685,3101,15,False
3120,0.012283006682991982,0.018101222813129425,0.006549323443323374,0.0016581319505348802,0.0013585819397121668,0.005809454247355461,0.00021999965247232467,0.00012854044325649738,0.03596387058496475,0.0009668233105912805,0.0036726235412061214,3117,0,False
3130,0.012278204783797264,0.018091794103384018,0.006552465260028839,0.0016589118167757988,0.001358491717837751,0.005815586075186729,0.00021962766186334193,0.00013176868378650397,0.03590642660856247,0.0009605927625671029,0.0036667047534137964,3128,10,False
3140,0.012268751859664917,0.01808481104671955,0.006544866599142551,0.0016602454707026482,0.0013577023055404425,0.005810999311506748,0.0002205953496741131,0.00011988810729235411,0.035936418920755386,0.0009742975234985352,0.003663628827780485,3135,0,False
3150,0.01226947270333767,0.018101917579770088,0.006544887088239193,0.0016577603528276086,0.001357878791168332,0.005815199576318264,0.00021996055147610605,0.00012307455472182482,0.03601336106657982,0.0010123318061232567,0.0036586045753210783,3148,10,False
3160,0.0122615285217762,0.018094124272465706,0.006541313137859106,0.0016576561611145735,0.00135575863532722,0.005810259375721216,0.0002193245745729655,0.00012378970859572291,0.036038804799318314,0.0010070111602544785,0.0036539530847221613,3156,3,False
3170,0.012254460714757442,0.01807452365756035,0.0065346709452569485,0.001655491767451167,0.001355946296826005,0.005799724254757166,0.00021950752125121653,0.00012862341827712953,0.0360567644238472,0.000946305226534605,0.003657181980088353,3164,2,False
3180,0.01224762387573719,0.01806630752980709,0.006534581538289785,0.001657651155255735,0.0013603493571281433,0.005802040919661522,0.00022069551050662994,0.00011974140215897933,0.03600875288248062,0.0009645136306062341,0.003651251783594489,3174,6,False
3190,0.012241151183843613,0.01804552599787712,0.006533992942422628,0.001659091911278665,0.0013585078995674849,0.005797808989882469,0.00022130149591248482,0.00011967795580858365,0.035940878093242645,0.000931368675082922,0.0036503891460597515,3182,7,False
3200,0.012234038673341274,0.018037788569927216,0.006529340986162424,0.0016589418519288301,0.0013590101152658463,0.005792811047285795,0.00022139109205454588,0.00011980300769209862,0.03593973070383072,0.0009348791209049523,0.0036481544375419617,3200,6,False
3210,0.012229024432599545,0.018051600083708763,0.006523983087390661,0.001656784093938768,0.0013552728341892362,0.005792940501123667,0.00022044035722501576,0.0001212763600051403,0.03608504310250282,0.0009592858259566128,0.003641315968707204,3200,8,False
3220,0.012228741310536861,0.018064051866531372,0.006524273194372654,0.001654688618145883,0.0013550573494285345,0.005797228775918484,0.00021933186508249491,0.0001261124125448987,0.036164380609989166,0.0009758275700733066,0.0036361359525471926,3215,3,False
3230,0.012220042757689953,0.018035883083939552,0.0065206424333155155,0.0016554442699998617,0.0013551810989156365,0.005791188217699528,0.00022063092910684645,0.00012084796617273241,0.03600672632455826,0.0009691171580925584,0.0036384298000484705,3215,13,False
3240,0.01221165619790554,0.018020665273070335,0.006517753005027771,0.0016559908399358392,0.0013565255794674158,0.005788738373667002,0.00022090921993367374,0.0001191305200336501,0.035983674228191376,0.0009499065345153213,0.0036352225579321384,3240,0,False
3250,0.012205992825329304,0.018021412193775177,0.0065137967467308044,0.0016551811713725328,0.0013562149833887815,0.005785005632787943,0.00022077932953834534,0.00011766918760258704,0.03607756644487381,0.0009422982111573219,0.0036306127440184355,3242,8,False
3260,0.012202056124806404,0.018021825700998306,0.006511329207569361,0.0016545208636671305,0.0013527418486773968,0.005784216802567244,0.00022080019698478281,0.0001175439465441741,0.03612751513719559,0.0009427478653378785,0.003627282800152898,3254,18,False
3270,0.01219652034342289,0.018016599118709564,0.006510579027235508,0.0016548896674066782,0.0013547053094953299,0.005784895271062851,0.00022002188779879361,0.00011693267151713371,0.03609982505440712,0.0009564649080857635,0.003622702555730939,3254,4,False
3280,0.012189175002276897,0.017997343093156815,0.0065053170546889305,0.0016541990917176008,0.0013530927244573832,0.005778337828814983,0.00022141663066577166,0.00011588733468670398,0.03602839261293411,0.0009435312822461128,0.0036248706746846437,3280,1,False
3290,0.012186292558908463,0.018010932952165604,0.006505832076072693,0.0016546903643757105,0.0013544259127229452,0.005781004671007395,0.00021969914087094367,0.00011553475633263588,0.03612132370471954,0.0009751708130352199,0.0036156203132122755,3286,5,False
3300,0.012180414982140064,0.018001537770032883,0.006501366384327412,0.0016537709161639214,0.0013540808577090502,0.005779578350484371,0.00022041804913897067,0.00011404747056076303,0.036121465265750885,0.0009620999917387962,0.0036152007523924112,3286,15,False
3310,0.012173894792795181,0.017999596893787384,0.006494213826954365,0.001650012331083417,0.0013502517249435186,0.00577788520604372,0.00021984209888614714,0.00011096699017798528,0.03617312014102936,0.0009709831210784614,0.003613722277805209,3308,2,False
3320,0.012168586254119873,0.01798851042985916,0.006492815911769867,0.001650594174861908,0.0013495294842869043,0.005772662814706564,0.0002200274757342413,0.00011557136895135045,0.03618428483605385,0.0009380645933561027,0.0036115648690611124,3308,8,False
3330,0.012163948267698288,0.017987985163927078,0.006494497414678335,0.0016552588203921914,0.0013547142734751105,0.005776766687631607,0.0002209667582064867,0.00010750396177172661,0.03613092750310898,0.0009798372630029917,0.003604571335017681,3323,6,False
3340,0.012157576158642769,0.017987392842769623,0.006484161131083965,0.0016500868368893862,0.0013508936390280724,0.005765783600509167,0.00022047021775506437,0.00011244662164244801,0.03629794344305992,0.0009423739975318313,0.0036050714552402496,3337,1,False
3350,0.012154340744018555,0.01799040660262108,0.006483245640993118,0.0016491289716213942,0.001350975246168673,0.005772460717707872,0.00021899193234276026,0.00010883554205065593,0.03624755144119263,0.0009952401742339134,0.003601249773055315,3346,3,False
3360,0.01214770320802927,0.017980387434363365,0.006483167409896851,0.0016511952271685004,0.001350474776700139,0.005767596419900656,0.00021958451543468982,0.00011148889461765066,0.03624536097049713,0.0009805250447243452,0.003595866961404681,3357,3,False
3370,0.012145454064011574,0.017987770959734917,0.006480989046394825,0.0016496013849973679,0.001350862323306501,0.005767461843788624,0.00021949197980575264,0.00011372669541742653,0.036335404962301254,0.00098339410033077,0.003591999877244234,3357,13,False
3380,0.012134324759244919,0.01795314811170101,0.006472546607255936,0.001647752127610147,0.001348491758108139,0.005757374223321676,0.00022039709438104182,0.00011481682304292917,0.036205630749464035,0.0009458359563723207,0.0035976385697722435,3374,1,False
3390,0.012129975482821465,0.017952237278223038,0.006475368048995733,0.0016520187491551042,0.0013531045988202095,0.005758222192525864,0.00022090850688982755,0.00011071207700297236,0.036244794726371765,0.0009388469043187797,0.00358915189281106,3384,6,False
3400,0.012125607579946518,0.017951078712940216,0.006468739360570908,0.0016479159239679575,0.0013498058542609215,0.005750120151787996,0.00022080859343986958,0.00011191338126081973,0.03635992854833603,0.0009130359394475818,0.0035891856532543898,3393,3,False
3410,0.012122437357902527,0.017951207235455513,0.006463878788053989,0.0016464354703202844,0.0013473082799464464,0.005749119911342859,0.00022024642385076731,0.00011165571777382866,0.036384083330631256,0.0009220443898811936,0.003589572384953499,3393,13,False
3420,0.012113451026380062,0.01793808490037918,0.0064621977508068085,0.0016472594579681754,0.0013485143426805735,0.005751559045165777,0.0002201520837843418,0.00011017180804628879,0.03629698604345322,0.0009417265537194908,0.0035843774676322937,3418,23,False
3430,0.012110244482755661,0.017945416271686554,0.0064653134904801846,0.0016498658806085587,0.0013498793123289943,0.005755108781158924,0.000220145404455252,0.00010889029363170266,0.036281295120716095,0.000995164387859404,0.003575111273676157,3426,4,False
3440,0.012103691697120667,0.01792294532060623,0.006462156772613525,0.0016498990589752793,0.0013499550987035036,0.0057508014142513275,0.00022070566774345934,0.00011015004565706477,0.03620930761098862,0.0009556120494380593,0.0035772572737187147,3434,3,False
3450,0.012097963131964207,0.017925124615430832,0.006452839821577072,0.001645925804041326,0.001348261721432209,0.0057403272949159145,0.00022035979782231152,0.00011143229494336993,0.03636182099580765,0.0009365229052491486,0.0035768719390034676,3448,6,False
3460,0.012094330042600632,0.01791406236588955,0.006456489209085703,0.0016484657535329461,0.0013483251677826047,0.005739348474889994,0.0002206929784733802,0.00011337175965309143,0.03630051016807556,0.0009261089144274592,0.003572563175112009,3455,7,False
3470,0.012084852904081345,0.017890818417072296,0.00644982885569334,0.0016477803001180291,0.0013473178260028362,0.005738959182053804,0.00022148658172227442,0.00010508824198041111,0.03618120402097702,0.000927047454752028,0.003574867732822895,3469,1,False
3480,0.012080175802111626,0.017891062423586845,0.006451071705669165,0.0016501965001225471,0.001347914687357843,0.0057414923794567585,0.00022152287419885397,0.00010524800745770335,0.03617008402943611,0.0009505765629000962,0.003567662788555026,3469,7,False
3490,0.012077497318387032,0.017891772091388702,0.006449923850595951,0.0016497311880812049,0.0013489739503711462,0.005742494482547045,0.00022142073430586606,0.00010362193279433995,0.03618144243955612,0.0009622594225220382,0.0035649603232741356,3469,0,False
3500,0.012071991339325905,0.017887916415929794,0.00644370261579752,0.001647288678213954,0.001347431680187583,0.005735799204558134,0.00022103665105532855,0.00011067179730162024,0.03627706691622734,0.0009278430370613933,0.0035642993170768023,3500,10,False
