n_levels,seed,curve_id,curve_idx,vr_class,kind,ordinal,center_va,segment_rmse,segment_d1_rmse,segment_d2_rmse,extremum_position_error,extremum_amplitude_error,contrast_error
1,0,1,0,0.0,peak,1,42.5,0.051994498823698596,0.02396349499053807,0.01458249451922979,-0.5,0.05154871940612793,0.048672690987586975
1,0,1,0,0.0,peak,2,53.0,0.08899420354260061,0.03907037643951427,0.04253541020320484,0.5,0.10501933097839355,0.048672690987586975
1,0,1,0,0.0,peak,3,64.0,0.09469864632105104,0.06299000608736043,0.04847386017654038,1.5,0.09735631942749023,0.048672690987586975
1,0,1,0,0.0,peak,4,75.5,0.07371746237984061,0.07053601628416699,0.06688561791564351,1.5,0.045809268951416016,0.048672690987586975
1,0,1,0,0.0,valley,1,44.0,0.032322040328955005,0.03824906469308003,0.017680273053661405,1.5,0.010148763656616211,0.048672690987586975
1,0,1,0,0.0,valley,2,55.5,0.08055163814433178,0.059519038432346454,0.03752121959504396,2.0,0.0895165205001831,0.048672690987586975
1,0,1,0,0.0,valley,3,67.0,0.10201248042851359,0.0740226233057354,0.044710026665815555,2.5,0.11282563209533691,0.048672690987586975
1,0,2,1,4.0,peak,1,42.5,0.053426424829868584,0.0434014767775861,0.03606824976528775,-0.5,0.017431139945983887,0.05546758323907852
1,0,2,1,4.0,peak,2,53.5,0.04952629381376707,0.03583150938423027,0.06603244019412856,0.0,0.051364898681640625,0.05546758323907852
1,0,2,1,4.0,peak,3,65.0,0.03562445855765541,0.04337995181035459,0.0792679590574531,0.0,0.0481114387512207,0.05546758323907852
1,0,2,1,4.0,peak,4,77.0,0.042269222590428625,0.047470247777215854,0.07594920381024393,-0.5,-0.005101203918457031,0.05546758323907852
1,0,2,1,4.0,valley,1,35.5,0.06614313200186213,0.0384922349254563,0.023953666006898425,-1.0,-0.05973464250564575,0.05546758323907852
1,0,2,1,4.0,valley,2,46.5,0.03692486781433339,0.03317558001184061,0.0318148610063661,0.0,0.031690239906311035,0.05546758323907852
1,0,2,1,4.0,valley,3,58.0,0.07906874936449666,0.05976640460220551,0.05555439663922133,0.0,0.10759782791137695,0.05546758323907852
1,0,2,1,4.0,valley,4,69.5,0.07102227354610356,0.061071857158600945,0.06337266167966132,0.5,0.09963858127593994,0.05546758323907852
1,0,4,2,8.0,peak,1,33.0,0.052046239899267016,0.047604432509513225,0.022031262578069807,10.5,0.005911052227020264,0.018100976943969727
1,0,4,2,8.0,peak,2,43.5,0.06996919715039991,0.04266051790429882,0.06655496547865009,0.0,0.07083296775817871,0.018100976943969727
1,0,4,2,8.0,peak,3,55.0,0.04041533589853114,0.052716845451727286,0.10834992903460078,0.0,0.05173969268798828,0.018100976943969727
1,0,4,2,8.0,peak,4,66.5,0.041131869138393194,0.05908308086142256,0.0948347111134786,0.0,0.024871110916137695,0.018100976943969727
1,0,4,2,8.0,valley,1,37.0,0.042995392626476406,0.032859655965817476,0.020942617870697528,-0.5,-0.02679497003555298,0.018100976943969727
1,0,4,2,8.0,valley,2,48.5,0.05543235695127819,0.04903632072128375,0.06829347210220627,0.0,0.0887061357498169,0.018100976943969727
1,0,4,2,8.0,valley,3,60.0,0.091597106431356,0.0843387032073662,0.09868124889203475,0.0,0.12568485736846924,0.018100976943969727
1,0,4,2,8.0,valley,4,72.0,0.08663998211227554,0.07613270839483402,0.08161138727831677,0.0,0.12727338075637817,0.018100976943969727
1,0,5,3,10.0,peak,1,34.0,0.09203305119323678,0.056905751229953755,0.018982255290193924,-1.0,0.06881654262542725,0.0011802911758422852
1,0,5,3,10.0,peak,2,44.5,0.11414520818484361,0.051925376680136,0.06345151048445184,-0.5,0.11485987901687622,0.0011802911758422852
1,0,5,3,10.0,peak,3,56.0,0.061741976802934556,0.06313192090734633,0.11707983835326202,-0.5,0.0664757490158081,0.0011802911758422852
1,0,5,3,10.0,peak,4,67.5,0.044757588430063305,0.06106829147343347,0.09471843364836674,0.0,0.029915452003479004,0.0011802911758422852
1,0,5,3,10.0,valley,1,38.5,0.05537323681628875,0.046448111458319244,0.025465885201154122,-1.0,0.017280876636505127,0.0011802911758422852
1,0,5,3,10.0,valley,2,50.0,0.06412996981448953,0.04073334686312395,0.03839169662199207,-0.5,0.07659244537353516,0.0011802911758422852
1,0,5,3,10.0,valley,3,61.5,0.0463678627581032,0.05094632532916579,0.04746634217651842,-0.5,0.06581616401672363,0.0011802911758422852
1,0,5,3,10.0,valley,4,73.0,0.08110715234744469,0.06933420601902514,0.05875184437519665,0.0,0.09447216987609863,0.0011802911758422852
1,1,1,0,0.0,peak,1,42.5,0.051994498823698596,0.02396349499053807,0.01458249451922979,-0.5,0.05154871940612793,0.048672690987586975
1,1,1,0,0.0,peak,2,53.0,0.08899420354260061,0.03907037643951427,0.04253541020320484,0.5,0.10501933097839355,0.048672690987586975
1,1,1,0,0.0,peak,3,64.0,0.09469864632105104,0.06299000608736043,0.04847386017654038,1.5,0.09735631942749023,0.048672690987586975
1,1,1,0,0.0,peak,4,75.5,0.07371746237984061,0.07053601628416699,0.06688561791564351,1.5,0.045809268951416016,0.048672690987586975
1,1,1,0,0.0,valley,1,44.0,0.032322040328955005,0.03824906469308003,0.017680273053661405,1.5,0.010148763656616211,0.048672690987586975
1,1,1,0,0.0,valley,2,55.5,0.08055163814433178,0.059519038432346454,0.03752121959504396,2.0,0.0895165205001831,0.048672690987586975
1,1,1,0,0.0,valley,3,67.0,0.10201248042851359,0.0740226233057354,0.044710026665815555,2.5,0.11282563209533691,0.048672690987586975
1,1,2,1,4.0,peak,1,42.5,0.053426424829868584,0.0434014767775861,0.03606824976528775,-0.5,0.017431139945983887,0.05546758323907852
1,1,2,1,4.0,peak,2,53.5,0.04952629381376707,0.03583150938423027,0.06603244019412856,0.0,0.051364898681640625,0.05546758323907852
1,1,2,1,4.0,peak,3,65.0,0.03562445855765541,0.04337995181035459,0.0792679590574531,0.0,0.0481114387512207,0.05546758323907852
1,1,2,1,4.0,peak,4,77.0,0.042269222590428625,0.047470247777215854,0.07594920381024393,-0.5,-0.005101203918457031,0.05546758323907852
1,1,2,1,4.0,valley,1,35.5,0.06614313200186213,0.0384922349254563,0.023953666006898425,-1.0,-0.05973464250564575,0.05546758323907852
1,1,2,1,4.0,valley,2,46.5,0.03692486781433339,0.03317558001184061,0.0318148610063661,0.0,0.031690239906311035,0.05546758323907852
1,1,2,1,4.0,valley,3,58.0,0.07906874936449666,0.05976640460220551,0.05555439663922133,0.0,0.10759782791137695,0.05546758323907852
1,1,2,1,4.0,valley,4,69.5,0.07102227354610356,0.061071857158600945,0.06337266167966132,0.5,0.09963858127593994,0.05546758323907852
1,1,4,2,8.0,peak,1,33.0,0.052046239899267016,0.047604432509513225,0.022031262578069807,10.5,0.005911052227020264,0.018100976943969727
1,1,4,2,8.0,peak,2,43.5,0.06996919715039991,0.04266051790429882,0.06655496547865009,0.0,0.07083296775817871,0.018100976943969727
1,1,4,2,8.0,peak,3,55.0,0.04041533589853114,0.052716845451727286,0.10834992903460078,0.0,0.05173969268798828,0.018100976943969727
1,1,4,2,8.0,peak,4,66.5,0.041131869138393194,0.05908308086142256,0.0948347111134786,0.0,0.024871110916137695,0.018100976943969727
1,1,4,2,8.0,valley,1,37.0,0.042995392626476406,0.032859655965817476,0.020942617870697528,-0.5,-0.02679497003555298,0.018100976943969727
1,1,4,2,8.0,valley,2,48.5,0.05543235695127819,0.04903632072128375,0.06829347210220627,0.0,0.0887061357498169,0.018100976943969727
1,1,4,2,8.0,valley,3,60.0,0.091597106431356,0.0843387032073662,0.09868124889203475,0.0,0.12568485736846924,0.018100976943969727
1,1,4,2,8.0,valley,4,72.0,0.08663998211227554,0.07613270839483402,0.08161138727831677,0.0,0.12727338075637817,0.018100976943969727
1,1,5,3,10.0,peak,1,34.0,0.09203305119323678,0.056905751229953755,0.018982255290193924,-1.0,0.06881654262542725,0.0011802911758422852
1,1,5,3,10.0,peak,2,44.5,0.11414520818484361,0.051925376680136,0.06345151048445184,-0.5,0.11485987901687622,0.0011802911758422852
1,1,5,3,10.0,peak,3,56.0,0.061741976802934556,0.06313192090734633,0.11707983835326202,-0.5,0.0664757490158081,0.0011802911758422852
1,1,5,3,10.0,peak,4,67.5,0.044757588430063305,0.06106829147343347,0.09471843364836674,0.0,0.029915452003479004,0.0011802911758422852
1,1,5,3,10.0,valley,1,38.5,0.05537323681628875,0.046448111458319244,0.025465885201154122,-1.0,0.017280876636505127,0.0011802911758422852
1,1,5,3,10.0,valley,2,50.0,0.06412996981448953,0.04073334686312395,0.03839169662199207,-0.5,0.07659244537353516,0.0011802911758422852
1,1,5,3,10.0,valley,3,61.5,0.0463678627581032,0.05094632532916579,0.04746634217651842,-0.5,0.06581616401672363,0.0011802911758422852
1,1,5,3,10.0,valley,4,73.0,0.08110715234744469,0.06933420601902514,0.05875184437519665,0.0,0.09447216987609863,0.0011802911758422852
1,2,1,0,0.0,peak,1,42.5,0.051994498823698596,0.02396349499053807,0.01458249451922979,-0.5,0.05154871940612793,0.048672690987586975
1,2,1,0,0.0,peak,2,53.0,0.08899420354260061,0.03907037643951427,0.04253541020320484,0.5,0.10501933097839355,0.048672690987586975
1,2,1,0,0.0,peak,3,64.0,0.09469864632105104,0.06299000608736043,0.04847386017654038,1.5,0.09735631942749023,0.048672690987586975
1,2,1,0,0.0,peak,4,75.5,0.07371746237984061,0.07053601628416699,0.06688561791564351,1.5,0.045809268951416016,0.048672690987586975
1,2,1,0,0.0,valley,1,44.0,0.032322040328955005,0.03824906469308003,0.017680273053661405,1.5,0.010148763656616211,0.048672690987586975
1,2,1,0,0.0,valley,2,55.5,0.08055163814433178,0.059519038432346454,0.03752121959504396,2.0,0.0895165205001831,0.048672690987586975
1,2,1,0,0.0,valley,3,67.0,0.10201248042851359,0.0740226233057354,0.044710026665815555,2.5,0.11282563209533691,0.048672690987586975
1,2,2,1,4.0,peak,1,42.5,0.053426424829868584,0.0434014767775861,0.03606824976528775,-0.5,0.017431139945983887,0.05546758323907852
1,2,2,1,4.0,peak,2,53.5,0.04952629381376707,0.03583150938423027,0.06603244019412856,0.0,0.051364898681640625,0.05546758323907852
1,2,2,1,4.0,peak,3,65.0,0.03562445855765541,0.04337995181035459,0.0792679590574531,0.0,0.0481114387512207,0.05546758323907852
1,2,2,1,4.0,peak,4,77.0,0.042269222590428625,0.047470247777215854,0.07594920381024393,-0.5,-0.005101203918457031,0.05546758323907852
1,2,2,1,4.0,valley,1,35.5,0.06614313200186213,0.0384922349254563,0.023953666006898425,-1.0,-0.05973464250564575,0.05546758323907852
1,2,2,1,4.0,valley,2,46.5,0.03692486781433339,0.03317558001184061,0.0318148610063661,0.0,0.031690239906311035,0.05546758323907852
1,2,2,1,4.0,valley,3,58.0,0.07906874936449666,0.05976640460220551,0.05555439663922133,0.0,0.10759782791137695,0.05546758323907852
1,2,2,1,4.0,valley,4,69.5,0.07102227354610356,0.061071857158600945,0.06337266167966132,0.5,0.09963858127593994,0.05546758323907852
1,2,4,2,8.0,peak,1,33.0,0.052046239899267016,0.047604432509513225,0.022031262578069807,10.5,0.005911052227020264,0.018100976943969727
1,2,4,2,8.0,peak,2,43.5,0.06996919715039991,0.04266051790429882,0.06655496547865009,0.0,0.07083296775817871,0.018100976943969727
1,2,4,2,8.0,peak,3,55.0,0.04041533589853114,0.052716845451727286,0.10834992903460078,0.0,0.05173969268798828,0.018100976943969727
1,2,4,2,8.0,peak,4,66.5,0.041131869138393194,0.05908308086142256,0.0948347111134786,0.0,0.024871110916137695,0.018100976943969727
1,2,4,2,8.0,valley,1,37.0,0.042995392626476406,0.032859655965817476,0.020942617870697528,-0.5,-0.02679497003555298,0.018100976943969727
1,2,4,2,8.0,valley,2,48.5,0.05543235695127819,0.04903632072128375,0.06829347210220627,0.0,0.0887061357498169,0.018100976943969727
1,2,4,2,8.0,valley,3,60.0,0.091597106431356,0.0843387032073662,0.09868124889203475,0.0,0.12568485736846924,0.018100976943969727
1,2,4,2,8.0,valley,4,72.0,0.08663998211227554,0.07613270839483402,0.08161138727831677,0.0,0.12727338075637817,0.018100976943969727
1,2,5,3,10.0,peak,1,34.0,0.09203305119323678,0.056905751229953755,0.018982255290193924,-1.0,0.06881654262542725,0.0011802911758422852
1,2,5,3,10.0,peak,2,44.5,0.11414520818484361,0.051925376680136,0.06345151048445184,-0.5,0.11485987901687622,0.0011802911758422852
1,2,5,3,10.0,peak,3,56.0,0.061741976802934556,0.06313192090734633,0.11707983835326202,-0.5,0.0664757490158081,0.0011802911758422852
1,2,5,3,10.0,peak,4,67.5,0.044757588430063305,0.06106829147343347,0.09471843364836674,0.0,0.029915452003479004,0.0011802911758422852
1,2,5,3,10.0,valley,1,38.5,0.05537323681628875,0.046448111458319244,0.025465885201154122,-1.0,0.017280876636505127,0.0011802911758422852
1,2,5,3,10.0,valley,2,50.0,0.06412996981448953,0.04073334686312395,0.03839169662199207,-0.5,0.07659244537353516,0.0011802911758422852
1,2,5,3,10.0,valley,3,61.5,0.0463678627581032,0.05094632532916579,0.04746634217651842,-0.5,0.06581616401672363,0.0011802911758422852
1,2,5,3,10.0,valley,4,73.0,0.08110715234744469,0.06933420601902514,0.05875184437519665,0.0,0.09447216987609863,0.0011802911758422852
2,0,1,0,0.0,peak,1,42.5,0.04792672389564669,0.024946086786505735,0.025328270452624358,-0.5,0.04799067974090576,0.05055403709411621
2,0,1,0,0.0,peak,2,53.0,0.08886934536399238,0.033490242032791696,0.03832831365012724,0.5,0.10156536102294922,0.05055403709411621
2,0,1,0,0.0,peak,3,64.0,0.0970832963466788,0.05756036130060751,0.04229929782610825,1.0,0.09862828254699707,0.05055403709411621
2,0,1,0,0.0,peak,4,75.5,0.07016841326930925,0.06117590554927229,0.04484118371089969,1.5,0.05769038200378418,0.05055403709411621
2,0,1,0,0.0,valley,1,44.0,0.03210002610303542,0.037898621253714904,0.016699654071028736,1.5,0.0031883716583251953,0.05055403709411621
2,0,1,0,0.0,valley,2,55.5,0.07875724563516659,0.057115361225446706,0.03527848046417105,2.0,0.08623600006103516,0.05055403709411621
2,0,1,0,0.0,valley,3,67.0,0.10466390939054356,0.07022668496631798,0.04116566838230227,2.0,0.11404180526733398,0.05055403709411621
2,0,2,1,4.0,peak,1,42.5,0.051900247382974926,0.041459549030377865,0.03444614184176206,-0.5,0.02061009407043457,0.08527436852455139
2,0,2,1,4.0,peak,2,53.5,0.04704394895095296,0.028218609333985338,0.05168511134871923,0.0,0.05598938465118408,0.08527436852455139
2,0,2,1,4.0,peak,3,65.0,0.030304178118811042,0.030424036605636664,0.06433021469115861,0.0,0.03789234161376953,0.08527436852455139
2,0,2,1,4.0,peak,4,77.0,0.0371861607189236,0.032741462203486005,0.04319473923549244,-0.5,-0.0041196346282958984,0.08527436852455139
2,0,2,1,4.0,valley,1,35.5,0.06985332983223197,0.03652554694303731,0.023432621229246945,-1.0,-0.06622076034545898,0.08527436852455139
2,0,2,1,4.0,valley,2,46.5,0.03320456908929118,0.03245037834703398,0.03168057749090788,0.0,0.027395009994506836,0.08527436852455139
2,0,2,1,4.0,valley,3,58.0,0.0790260698787253,0.06078684955040461,0.05659549653662027,0.0,0.10788655281066895,0.08527436852455139
2,0,2,1,4.0,valley,4,69.5,0.07934336308489341,0.06280052344994079,0.06566372053297177,0.5,0.10885536670684814,0.08527436852455139
2,0,4,2,8.0,peak,1,33.0,0.05684508330143296,0.04964375903679129,0.023701221189256633,10.5,0.015300214290618896,0.04337906837463379
2,0,4,2,8.0,peak,2,43.5,0.0789080879681431,0.040705550491311256,0.05788257623144315,0.0,0.08804059028625488,0.04337906837463379
2,0,4,2,8.0,peak,3,55.0,0.0416824277163692,0.04035274975678435,0.07114267055505745,0.0,0.054493069648742676,0.04337906837463379
2,0,4,2,8.0,peak,4,66.5,0.031945489218976456,0.049759120295746424,0.09949565593568842,0.0,-0.0024814605712890625,0.04337906837463379
2,0,4,2,8.0,valley,1,37.0,0.0433738919415284,0.030921234014754558,0.01984244223508477,-0.5,-0.031437069177627563,0.04337906837463379
2,0,4,2,8.0,valley,2,48.5,0.04953881389716588,0.04831378112710245,0.06813707766835722,0.0,0.08167898654937744,0.04337906837463379
2,0,4,2,8.0,valley,3,60.0,0.08266941677425123,0.08372463632325712,0.09897032909808971,0.0,0.1159171462059021,0.04337906837463379
2,0,4,2,8.0,valley,4,72.0,0.08831581650350771,0.07787623182375164,0.08373572278552964,0.0,0.130185067653656,0.04337906837463379
2,0,5,3,10.0,peak,1,34.0,0.09638762175363226,0.06079806619737917,0.019930227548522264,-1.5,0.07093304395675659,0.08473634719848633
2,0,5,3,10.0,peak,2,44.5,0.11650446103076069,0.053209589985359365,0.043993496403855414,-0.5,0.12064003944396973,0.08473634719848633
2,0,5,3,10.0,peak,3,56.0,0.057239538275502065,0.056446204607081094,0.07973533054236674,-0.5,0.05378425121307373,0.08473634719848633
2,0,5,3,10.0,peak,4,67.5,0.05320493618327873,0.06020455150232752,0.11288436072977623,0.0,-0.016518592834472656,0.08473634719848633
2,0,5,3,10.0,valley,1,38.5,0.054514812603134954,0.04795447906610596,0.025244117663656418,-1.0,0.01096990704536438,0.08473634719848633
2,0,5,3,10.0,valley,2,50.0,0.05277194973701668,0.040774241149111004,0.03789060406168167,-0.5,0.06103530526161194,0.08473634719848633
2,0,5,3,10.0,valley,3,61.5,0.04160345022206281,0.05371901348959801,0.04892632947111313,-0.5,0.0523550808429718,0.08473634719848633
2,0,5,3,10.0,valley,4,73.0,0.08632008903797249,0.0786328225132013,0.06326633988674162,0.0,0.09182047843933105,0.08473634719848633
2,1,1,0,0.0,peak,1,42.5,0.04792672389564669,0.024946086786505735,0.025328270452624358,-0.5,0.04799067974090576,0.05055403709411621
2,1,1,0,0.0,peak,2,53.0,0.08886934536399238,0.033490242032791696,0.03832831365012724,0.5,0.10156536102294922,0.05055403709411621
2,1,1,0,0.0,peak,3,64.0,0.0970832963466788,0.05756036130060751,0.04229929782610825,1.0,0.09862828254699707,0.05055403709411621
2,1,1,0,0.0,peak,4,75.5,0.07016841326930925,0.06117590554927229,0.04484118371089969,1.5,0.05769038200378418,0.05055403709411621
2,1,1,0,0.0,valley,1,44.0,0.03210002610303542,0.037898621253714904,0.016699654071028736,1.5,0.0031883716583251953,0.05055403709411621
2,1,1,0,0.0,valley,2,55.5,0.07875724563516659,0.057115361225446706,0.03527848046417105,2.0,0.08623600006103516,0.05055403709411621
2,1,1,0,0.0,valley,3,67.0,0.10466390939054356,0.07022668496631798,0.04116566838230227,2.0,0.11404180526733398,0.05055403709411621
2,1,2,1,4.0,peak,1,42.5,0.051900247382974926,0.041459549030377865,0.03444614184176206,-0.5,0.02061009407043457,0.08527436852455139
2,1,2,1,4.0,peak,2,53.5,0.04704394895095296,0.028218609333985338,0.05168511134871923,0.0,0.05598938465118408,0.08527436852455139
2,1,2,1,4.0,peak,3,65.0,0.030304178118811042,0.030424036605636664,0.06433021469115861,0.0,0.03789234161376953,0.08527436852455139
2,1,2,1,4.0,peak,4,77.0,0.0371861607189236,0.032741462203486005,0.04319473923549244,-0.5,-0.0041196346282958984,0.08527436852455139
2,1,2,1,4.0,valley,1,35.5,0.06985332983223197,0.03652554694303731,0.023432621229246945,-1.0,-0.06622076034545898,0.08527436852455139
2,1,2,1,4.0,valley,2,46.5,0.03320456908929118,0.03245037834703398,0.03168057749090788,0.0,0.027395009994506836,0.08527436852455139
2,1,2,1,4.0,valley,3,58.0,0.0790260698787253,0.06078684955040461,0.05659549653662027,0.0,0.10788655281066895,0.08527436852455139
2,1,2,1,4.0,valley,4,69.5,0.07934336308489341,0.06280052344994079,0.06566372053297177,0.5,0.10885536670684814,0.08527436852455139
2,1,4,2,8.0,peak,1,33.0,0.05684508330143296,0.04964375903679129,0.023701221189256633,10.5,0.015300214290618896,0.04337906837463379
2,1,4,2,8.0,peak,2,43.5,0.0789080879681431,0.040705550491311256,0.05788257623144315,0.0,0.08804059028625488,0.04337906837463379
2,1,4,2,8.0,peak,3,55.0,0.0416824277163692,0.04035274975678435,0.07114267055505745,0.0,0.054493069648742676,0.04337906837463379
2,1,4,2,8.0,peak,4,66.5,0.031945489218976456,0.049759120295746424,0.09949565593568842,0.0,-0.0024814605712890625,0.04337906837463379
2,1,4,2,8.0,valley,1,37.0,0.0433738919415284,0.030921234014754558,0.01984244223508477,-0.5,-0.031437069177627563,0.04337906837463379
2,1,4,2,8.0,valley,2,48.5,0.04953881389716588,0.04831378112710245,0.06813707766835722,0.0,0.08167898654937744,0.04337906837463379
2,1,4,2,8.0,valley,3,60.0,0.08266941677425123,0.08372463632325712,0.09897032909808971,0.0,0.1159171462059021,0.04337906837463379
2,1,4,2,8.0,valley,4,72.0,0.08831581650350771,0.07787623182375164,0.08373572278552964,0.0,0.130185067653656,0.04337906837463379
2,1,5,3,10.0,peak,1,34.0,0.09638762175363226,0.06079806619737917,0.019930227548522264,-1.5,0.07093304395675659,0.08473634719848633
2,1,5,3,10.0,peak,2,44.5,0.11650446103076069,0.053209589985359365,0.043993496403855414,-0.5,0.12064003944396973,0.08473634719848633
2,1,5,3,10.0,peak,3,56.0,0.057239538275502065,0.056446204607081094,0.07973533054236674,-0.5,0.05378425121307373,0.08473634719848633
2,1,5,3,10.0,peak,4,67.5,0.05320493618327873,0.06020455150232752,0.11288436072977623,0.0,-0.016518592834472656,0.08473634719848633
2,1,5,3,10.0,valley,1,38.5,0.054514812603134954,0.04795447906610596,0.025244117663656418,-1.0,0.01096990704536438,0.08473634719848633
2,1,5,3,10.0,valley,2,50.0,0.05277194973701668,0.040774241149111004,0.03789060406168167,-0.5,0.06103530526161194,0.08473634719848633
2,1,5,3,10.0,valley,3,61.5,0.04160345022206281,0.05371901348959801,0.04892632947111313,-0.5,0.0523550808429718,0.08473634719848633
2,1,5,3,10.0,valley,4,73.0,0.08632008903797249,0.0786328225132013,0.06326633988674162,0.0,0.09182047843933105,0.08473634719848633
2,2,1,0,0.0,peak,1,42.5,0.04792672389564669,0.024946086786505735,0.025328270452624358,-0.5,0.04799067974090576,0.05055403709411621
2,2,1,0,0.0,peak,2,53.0,0.08886934536399238,0.033490242032791696,0.03832831365012724,0.5,0.10156536102294922,0.05055403709411621
2,2,1,0,0.0,peak,3,64.0,0.0970832963466788,0.05756036130060751,0.04229929782610825,1.0,0.09862828254699707,0.05055403709411621
2,2,1,0,0.0,peak,4,75.5,0.07016841326930925,0.06117590554927229,0.04484118371089969,1.5,0.05769038200378418,0.05055403709411621
2,2,1,0,0.0,valley,1,44.0,0.03210002610303542,0.037898621253714904,0.016699654071028736,1.5,0.0031883716583251953,0.05055403709411621
2,2,1,0,0.0,valley,2,55.5,0.07875724563516659,0.057115361225446706,0.03527848046417105,2.0,0.08623600006103516,0.05055403709411621
2,2,1,0,0.0,valley,3,67.0,0.10466390939054356,0.07022668496631798,0.04116566838230227,2.0,0.11404180526733398,0.05055403709411621
2,2,2,1,4.0,peak,1,42.5,0.051900247382974926,0.041459549030377865,0.03444614184176206,-0.5,0.02061009407043457,0.08527436852455139
2,2,2,1,4.0,peak,2,53.5,0.04704394895095296,0.028218609333985338,0.05168511134871923,0.0,0.05598938465118408,0.08527436852455139
2,2,2,1,4.0,peak,3,65.0,0.030304178118811042,0.030424036605636664,0.06433021469115861,0.0,0.03789234161376953,0.08527436852455139
2,2,2,1,4.0,peak,4,77.0,0.0371861607189236,0.032741462203486005,0.04319473923549244,-0.5,-0.0041196346282958984,0.08527436852455139
2,2,2,1,4.0,valley,1,35.5,0.06985332983223197,0.03652554694303731,0.023432621229246945,-1.0,-0.06622076034545898,0.08527436852455139
2,2,2,1,4.0,valley,2,46.5,0.03320456908929118,0.03245037834703398,0.03168057749090788,0.0,0.027395009994506836,0.08527436852455139
2,2,2,1,4.0,valley,3,58.0,0.0790260698787253,0.06078684955040461,0.05659549653662027,0.0,0.10788655281066895,0.08527436852455139
2,2,2,1,4.0,valley,4,69.5,0.07934336308489341,0.06280052344994079,0.06566372053297177,0.5,0.10885536670684814,0.08527436852455139
2,2,4,2,8.0,peak,1,33.0,0.05684508330143296,0.04964375903679129,0.023701221189256633,10.5,0.015300214290618896,0.04337906837463379
2,2,4,2,8.0,peak,2,43.5,0.0789080879681431,0.040705550491311256,0.05788257623144315,0.0,0.08804059028625488,0.04337906837463379
2,2,4,2,8.0,peak,3,55.0,0.0416824277163692,0.04035274975678435,0.07114267055505745,0.0,0.054493069648742676,0.04337906837463379
2,2,4,2,8.0,peak,4,66.5,0.031945489218976456,0.049759120295746424,0.09949565593568842,0.0,-0.0024814605712890625,0.04337906837463379
2,2,4,2,8.0,valley,1,37.0,0.0433738919415284,0.030921234014754558,0.01984244223508477,-0.5,-0.031437069177627563,0.04337906837463379
2,2,4,2,8.0,valley,2,48.5,0.04953881389716588,0.04831378112710245,0.06813707766835722,0.0,0.08167898654937744,0.04337906837463379
2,2,4,2,8.0,valley,3,60.0,0.08266941677425123,0.08372463632325712,0.09897032909808971,0.0,0.1159171462059021,0.04337906837463379
2,2,4,2,8.0,valley,4,72.0,0.08831581650350771,0.07787623182375164,0.08373572278552964,0.0,0.130185067653656,0.04337906837463379
2,2,5,3,10.0,peak,1,34.0,0.09638762175363226,0.06079806619737917,0.019930227548522264,-1.5,0.07093304395675659,0.08473634719848633
2,2,5,3,10.0,peak,2,44.5,0.11650446103076069,0.053209589985359365,0.043993496403855414,-0.5,0.12064003944396973,0.08473634719848633
2,2,5,3,10.0,peak,3,56.0,0.057239538275502065,0.056446204607081094,0.07973533054236674,-0.5,0.05378425121307373,0.08473634719848633
2,2,5,3,10.0,peak,4,67.5,0.05320493618327873,0.06020455150232752,0.11288436072977623,0.0,-0.016518592834472656,0.08473634719848633
2,2,5,3,10.0,valley,1,38.5,0.054514812603134954,0.04795447906610596,0.025244117663656418,-1.0,0.01096990704536438,0.08473634719848633
2,2,5,3,10.0,valley,2,50.0,0.05277194973701668,0.040774241149111004,0.03789060406168167,-0.5,0.06103530526161194,0.08473634719848633
2,2,5,3,10.0,valley,3,61.5,0.04160345022206281,0.05371901348959801,0.04892632947111313,-0.5,0.0523550808429718,0.08473634719848633
2,2,5,3,10.0,valley,4,73.0,0.08632008903797249,0.0786328225132013,0.06326633988674162,0.0,0.09182047843933105,0.08473634719848633
3,0,1,0,0.0,peak,1,42.5,0.04764116410056178,0.024717942257708368,0.014922738208101555,-0.5,0.0475846529006958,0.0504952073097229
3,0,1,0,0.0,peak,2,53.0,0.0887985300288155,0.030326793512417516,0.02739969266936221,0.5,0.10045838356018066,0.0504952073097229
3,0,1,0,0.0,peak,3,64.0,0.09689949938796195,0.05491026151765972,0.038317085344134166,1.0,0.10033106803894043,0.0504952073097229
3,0,1,0,0.0,peak,4,75.5,0.0690795599181037,0.057890682884960666,0.05171011801007141,1.0,0.0567164421081543,0.0504952073097229
3,0,1,0,0.0,valley,1,44.0,0.032112282728249036,0.03774851232254532,0.016668885998525996,1.5,0.0018048286437988281,0.0504952073097229
3,0,1,0,0.0,valley,2,55.5,0.07894328364070019,0.05625485332309517,0.034630871450762206,2.0,0.0859752893447876,0.0504952073097229
3,0,1,0,0.0,valley,3,67.0,0.10643492326700847,0.06855819603721852,0.04037285408144229,2.0,0.11574435234069824,0.0504952073097229
3,0,2,1,4.0,peak,1,42.5,0.05226138633015377,0.04130958894074442,0.03541678230654744,-0.5,0.023041248321533203,0.07994420826435089
3,0,2,1,4.0,peak,2,53.5,0.04663702800303176,0.0271121438627769,0.04819356018854159,0.0,0.04933571815490723,0.07994420826435089
3,0,2,1,4.0,peak,3,65.0,0.0278406225679314,0.026105200685294188,0.04800522199287695,0.0,0.036846160888671875,0.07994420826435089
3,0,2,1,4.0,peak,4,77.0,0.03770782222939584,0.03227064951893919,0.05198080676738548,-0.5,-0.016539573669433594,0.07994420826435089
3,0,2,1,4.0,valley,1,35.5,0.070275898138349,0.036138869940461095,0.023241693843956534,-1.0,-0.06700342893600464,0.07994420826435089
3,0,2,1,4.0,valley,2,46.5,0.03318750534086895,0.032593150299934204,0.031872948836809134,0.0,0.02765178680419922,0.07994420826435089
3,0,2,1,4.0,valley,3,58.0,0.08054860781173133,0.06138602921040342,0.05724645063275717,0.0,0.10968899726867676,0.07994420826435089
3,0,2,1,4.0,valley,4,69.5,0.08498530791141223,0.06407572481757844,0.0671123472116038,0.5,0.11507248878479004,0.07994420826435089
3,0,4,2,8.0,peak,1,33.0,0.05936646361157862,0.04975331836463264,0.027283290910386913,10.5,0.021428287029266357,0.02390885353088379
3,0,4,2,8.0,peak,2,43.5,0.08410848389046643,0.038695195422311,0.045627719383287885,0.0,0.09116256237030029,0.02390885353088379
3,0,4,2,8.0,peak,3,55.0,0.04302775933240386,0.035521718126027675,0.06044993166052422,0.0,0.05536246299743652,0.02390885353088379
3,0,4,2,8.0,peak,4,66.5,0.03120705427334476,0.03764712554159504,0.060247864603782494,0.0,0.006162405014038086,0.02390885353088379
3,0,4,2,8.0,valley,1,37.0,0.041805486062245545,0.029838191372083843,0.019262786089737517,-0.5,-0.030659615993499756,0.02390885353088379
3,0,4,2,8.0,valley,2,48.5,0.050114145742947265,0.04862686863577674,0.06838240285781982,0.0,0.08225220441818237,0.02390885353088379
3,0,4,2,8.0,valley,3,60.0,0.0822972212417231,0.08460943163609484,0.09972968497907139,0.0,0.11578845977783203,0.02390885353088379
3,0,4,2,8.0,valley,4,72.0,0.09252173974900263,0.08012974975438955,0.08581028988280542,0.0,0.1357380747795105,0.02390885353088379
3,0,5,3,10.0,peak,1,34.0,0.09770880317485617,0.060951418718006925,0.02276969445819615,-1.5,0.07283377647399902,0.07940661907196045
3,0,5,3,10.0,peak,2,44.5,0.11779490404643093,0.053854045157528334,0.03636928453256554,-0.5,0.11990785598754883,0.07940661907196045
3,0,5,3,10.0,peak,3,56.0,0.05428060061344718,0.05496855865605666,0.07201982118878,-0.5,0.039873480796813965,0.07940661907196045
3,0,5,3,10.0,peak,4,67.5,0.05808177648554506,0.050044727317092565,0.06089430851016492,0.0,-0.021148204803466797,0.07940661907196045
3,0,5,3,10.0,valley,1,38.5,0.05384193576039203,0.04793582250773826,0.02480958220516317,-1.0,0.009077310562133789,0.07940661907196045
3,0,5,3,10.0,valley,2,50.0,0.04872632677577816,0.04052243669906818,0.037815580076333656,-0.5,0.05589616298675537,0.07940661907196045
3,0,5,3,10.0,valley,3,61.5,0.04311532723737864,0.05571846505277751,0.050625922720509184,-0.5,0.05397936701774597,0.07940661907196045
3,0,5,3,10.0,valley,4,73.0,0.09356126934427042,0.08284354519025702,0.06660671244206809,0.0,0.10179215669631958,0.07940661907196045
3,1,1,0,0.0,peak,1,42.5,0.04764116410056178,0.024717942257708368,0.014922738208101555,-0.5,0.0475846529006958,0.0504952073097229
3,1,1,0,0.0,peak,2,53.0,0.0887985300288155,0.030326793512417516,0.02739969266936221,0.5,0.10045838356018066,0.0504952073097229
3,1,1,0,0.0,peak,3,64.0,0.09689949938796195,0.05491026151765972,0.038317085344134166,1.0,0.10033106803894043,0.0504952073097229
3,1,1,0,0.0,peak,4,75.5,0.0690795599181037,0.057890682884960666,0.05171011801007141,1.0,0.0567164421081543,0.0504952073097229
3,1,1,0,0.0,valley,1,44.0,0.032112282728249036,0.03774851232254532,0.016668885998525996,1.5,0.0018048286437988281,0.0504952073097229
3,1,1,0,0.0,valley,2,55.5,0.07894328364070019,0.05625485332309517,0.034630871450762206,2.0,0.0859752893447876,0.0504952073097229
3,1,1,0,0.0,valley,3,67.0,0.10643492326700847,0.06855819603721852,0.04037285408144229,2.0,0.11574435234069824,0.0504952073097229
3,1,2,1,4.0,peak,1,42.5,0.05226138633015377,0.04130958894074442,0.03541678230654744,-0.5,0.023041248321533203,0.07994420826435089
3,1,2,1,4.0,peak,2,53.5,0.04663702800303176,0.0271121438627769,0.04819356018854159,0.0,0.04933571815490723,0.07994420826435089
3,1,2,1,4.0,peak,3,65.0,0.0278406225679314,0.026105200685294188,0.04800522199287695,0.0,0.036846160888671875,0.07994420826435089
3,1,2,1,4.0,peak,4,77.0,0.03770782222939584,0.03227064951893919,0.05198080676738548,-0.5,-0.016539573669433594,0.07994420826435089
3,1,2,1,4.0,valley,1,35.5,0.070275898138349,0.036138869940461095,0.023241693843956534,-1.0,-0.06700342893600464,0.07994420826435089
3,1,2,1,4.0,valley,2,46.5,0.03318750534086895,0.032593150299934204,0.031872948836809134,0.0,0.02765178680419922,0.07994420826435089
3,1,2,1,4.0,valley,3,58.0,0.08054860781173133,0.06138602921040342,0.05724645063275717,0.0,0.10968899726867676,0.07994420826435089
3,1,2,1,4.0,valley,4,69.5,0.08498530791141223,0.06407572481757844,0.0671123472116038,0.5,0.11507248878479004,0.07994420826435089
3,1,4,2,8.0,peak,1,33.0,0.05936646361157862,0.04975331836463264,0.027283290910386913,10.5,0.021428287029266357,0.02390885353088379
3,1,4,2,8.0,peak,2,43.5,0.08410848389046643,0.038695195422311,0.045627719383287885,0.0,0.09116256237030029,0.02390885353088379
3,1,4,2,8.0,peak,3,55.0,0.04302775933240386,0.035521718126027675,0.06044993166052422,0.0,0.05536246299743652,0.02390885353088379
3,1,4,2,8.0,peak,4,66.5,0.03120705427334476,0.03764712554159504,0.060247864603782494,0.0,0.006162405014038086,0.02390885353088379
3,1,4,2,8.0,valley,1,37.0,0.041805486062245545,0.029838191372083843,0.019262786089737517,-0.5,-0.030659615993499756,0.02390885353088379
3,1,4,2,8.0,valley,2,48.5,0.050114145742947265,0.04862686863577674,0.06838240285781982,0.0,0.08225220441818237,0.02390885353088379
3,1,4,2,8.0,valley,3,60.0,0.0822972212417231,0.08460943163609484,0.09972968497907139,0.0,0.11578845977783203,0.02390885353088379
3,1,4,2,8.0,valley,4,72.0,0.09252173974900263,0.08012974975438955,0.08581028988280542,0.0,0.1357380747795105,0.02390885353088379
3,1,5,3,10.0,peak,1,34.0,0.09770880317485617,0.060951418718006925,0.02276969445819615,-1.5,0.07283377647399902,0.07940661907196045
3,1,5,3,10.0,peak,2,44.5,0.11779490404643093,0.053854045157528334,0.03636928453256554,-0.5,0.11990785598754883,0.07940661907196045
3,1,5,3,10.0,peak,3,56.0,0.05428060061344718,0.05496855865605666,0.07201982118878,-0.5,0.039873480796813965,0.07940661907196045
3,1,5,3,10.0,peak,4,67.5,0.05808177648554506,0.050044727317092565,0.06089430851016492,0.0,-0.021148204803466797,0.07940661907196045
3,1,5,3,10.0,valley,1,38.5,0.05384193576039203,0.04793582250773826,0.02480958220516317,-1.0,0.009077310562133789,0.07940661907196045
3,1,5,3,10.0,valley,2,50.0,0.04872632677577816,0.04052243669906818,0.037815580076333656,-0.5,0.05589616298675537,0.07940661907196045
3,1,5,3,10.0,valley,3,61.5,0.04311532723737864,0.05571846505277751,0.050625922720509184,-0.5,0.05397936701774597,0.07940661907196045
3,1,5,3,10.0,valley,4,73.0,0.09356126934427042,0.08284354519025702,0.06660671244206809,0.0,0.10179215669631958,0.07940661907196045
3,2,1,0,0.0,peak,1,42.5,0.04764116410056178,0.024717942257708368,0.014922738208101555,-0.5,0.0475846529006958,0.0504952073097229
3,2,1,0,0.0,peak,2,53.0,0.0887985300288155,0.030326793512417516,0.02739969266936221,0.5,0.10045838356018066,0.0504952073097229
3,2,1,0,0.0,peak,3,64.0,0.09689949938796195,0.05491026151765972,0.038317085344134166,1.0,0.10033106803894043,0.0504952073097229
3,2,1,0,0.0,peak,4,75.5,0.0690795599181037,0.057890682884960666,0.05171011801007141,1.0,0.0567164421081543,0.0504952073097229
3,2,1,0,0.0,valley,1,44.0,0.032112282728249036,0.03774851232254532,0.016668885998525996,1.5,0.0018048286437988281,0.0504952073097229
3,2,1,0,0.0,valley,2,55.5,0.07894328364070019,0.05625485332309517,0.034630871450762206,2.0,0.0859752893447876,0.0504952073097229
3,2,1,0,0.0,valley,3,67.0,0.10643492326700847,0.06855819603721852,0.04037285408144229,2.0,0.11574435234069824,0.0504952073097229
3,2,2,1,4.0,peak,1,42.5,0.05226138633015377,0.04130958894074442,0.03541678230654744,-0.5,0.023041248321533203,0.07994420826435089
3,2,2,1,4.0,peak,2,53.5,0.04663702800303176,0.0271121438627769,0.04819356018854159,0.0,0.04933571815490723,0.07994420826435089
3,2,2,1,4.0,peak,3,65.0,0.0278406225679314,0.026105200685294188,0.04800522199287695,0.0,0.036846160888671875,0.07994420826435089
3,2,2,1,4.0,peak,4,77.0,0.03770782222939584,0.03227064951893919,0.05198080676738548,-0.5,-0.016539573669433594,0.07994420826435089
3,2,2,1,4.0,valley,1,35.5,0.070275898138349,0.036138869940461095,0.023241693843956534,-1.0,-0.06700342893600464,0.07994420826435089
3,2,2,1,4.0,valley,2,46.5,0.03318750534086895,0.032593150299934204,0.031872948836809134,0.0,0.02765178680419922,0.07994420826435089
3,2,2,1,4.0,valley,3,58.0,0.08054860781173133,0.06138602921040342,0.05724645063275717,0.0,0.10968899726867676,0.07994420826435089
3,2,2,1,4.0,valley,4,69.5,0.08498530791141223,0.06407572481757844,0.0671123472116038,0.5,0.11507248878479004,0.07994420826435089
3,2,4,2,8.0,peak,1,33.0,0.05936646361157862,0.04975331836463264,0.027283290910386913,10.5,0.021428287029266357,0.02390885353088379
3,2,4,2,8.0,peak,2,43.5,0.08410848389046643,0.038695195422311,0.045627719383287885,0.0,0.09116256237030029,0.02390885353088379
3,2,4,2,8.0,peak,3,55.0,0.04302775933240386,0.035521718126027675,0.06044993166052422,0.0,0.05536246299743652,0.02390885353088379
3,2,4,2,8.0,peak,4,66.5,0.03120705427334476,0.03764712554159504,0.060247864603782494,0.0,0.006162405014038086,0.02390885353088379
3,2,4,2,8.0,valley,1,37.0,0.041805486062245545,0.029838191372083843,0.019262786089737517,-0.5,-0.030659615993499756,0.02390885353088379
3,2,4,2,8.0,valley,2,48.5,0.050114145742947265,0.04862686863577674,0.06838240285781982,0.0,0.08225220441818237,0.02390885353088379
3,2,4,2,8.0,valley,3,60.0,0.0822972212417231,0.08460943163609484,0.09972968497907139,0.0,0.11578845977783203,0.02390885353088379
3,2,4,2,8.0,valley,4,72.0,0.09252173974900263,0.08012974975438955,0.08581028988280542,0.0,0.1357380747795105,0.02390885353088379
3,2,5,3,10.0,peak,1,34.0,0.09770880317485617,0.060951418718006925,0.02276969445819615,-1.5,0.07283377647399902,0.07940661907196045
3,2,5,3,10.0,peak,2,44.5,0.11779490404643093,0.053854045157528334,0.03636928453256554,-0.5,0.11990785598754883,0.07940661907196045
3,2,5,3,10.0,peak,3,56.0,0.05428060061344718,0.05496855865605666,0.07201982118878,-0.5,0.039873480796813965,0.07940661907196045
3,2,5,3,10.0,peak,4,67.5,0.05808177648554506,0.050044727317092565,0.06089430851016492,0.0,-0.021148204803466797,0.07940661907196045
3,2,5,3,10.0,valley,1,38.5,0.05384193576039203,0.04793582250773826,0.02480958220516317,-1.0,0.009077310562133789,0.07940661907196045
3,2,5,3,10.0,valley,2,50.0,0.04872632677577816,0.04052243669906818,0.037815580076333656,-0.5,0.05589616298675537,0.07940661907196045
3,2,5,3,10.0,valley,3,61.5,0.04311532723737864,0.05571846505277751,0.050625922720509184,-0.5,0.05397936701774597,0.07940661907196045
3,2,5,3,10.0,valley,4,73.0,0.09356126934427042,0.08284354519025702,0.06660671244206809,0.0,0.10179215669631958,0.07940661907196045
4,0,1,0,0.0,peak,1,42.5,0.023591318600185155,0.00798832294361948,0.022808925785802854,0.0,0.026858925819396973,0.043396979570388794
4,0,1,0,0.0,peak,2,53.0,0.07493167971541163,0.027484724616281604,0.027878253913821,0.5,0.08630180358886719,0.043396979570388794
4,0,1,0,0.0,peak,3,64.0,0.10010649054741783,0.051898252329308114,0.03151878047729061,1.0,0.09865736961364746,0.043396979570388794
4,0,1,0,0.0,peak,4,75.5,0.06742055029146371,0.057980662562335104,0.034604416488091566,1.5,0.04647016525268555,0.043396979570388794
4,0,1,0,0.0,valley,1,44.0,0.018444686006944128,0.027626986010568875,0.023460708772704064,1.5,0.015775322914123535,0.043396979570388794
4,0,1,0,0.0,valley,2,55.5,0.06405853621040981,0.05695434287407287,0.03207420118339413,1.5,0.06757724285125732,0.043396979570388794
4,0,1,0,0.0,valley,3,67.0,0.11483196207492088,0.08266317233463262,0.04888588950241038,2.5,0.12812113761901855,0.043396979570388794
4,0,2,1,4.0,peak,1,42.5,0.03092199875957448,0.026633849289891598,0.028189429715612353,-0.5,-0.02485501766204834,0.0766105055809021
4,0,2,1,4.0,peak,2,53.5,0.03074334253682584,0.026942433856911616,0.03937707139501241,0.0,0.025782108306884766,0.0766105055809021
4,0,2,1,4.0,peak,3,65.0,0.03267133324505608,0.01650423411865884,0.03416509857493386,0.0,0.04163074493408203,0.0766105055809021
4,0,2,1,4.0,peak,4,77.0,0.018681667504798414,0.015136249080387089,0.033105779617736385,0.0,-0.004065275192260742,0.0766105055809021
4,0,2,1,4.0,valley,1,35.5,0.032545931577618654,0.02197062875239919,0.022117808155058174,-0.5,-0.0319286584854126,0.0766105055809021
4,0,2,1,4.0,valley,2,46.5,0.061228420244484286,0.03814975967816689,0.0334870600140507,0.0,0.06399846076965332,0.0766105055809021
4,0,2,1,4.0,valley,3,58.0,0.06414064438444846,0.05109484001020092,0.04840855158944875,0.0,0.08438766002655029,0.0766105055809021
4,0,2,1,4.0,valley,4,69.5,0.05400188696331689,0.05069499417905857,0.052308609090191804,0.5,0.07650887966156006,0.0766105055809021
4,0,4,2,8.0,peak,1,33.0,0.0496517317023948,0.01677672157026809,0.018934525355163108,-0.5,0.049358069896698,0.04041099548339844
4,0,4,2,8.0,peak,2,43.5,0.017747934998123643,0.01923923558671122,0.03625118600896386,0.0,0.00637662410736084,0.04041099548339844
4,0,4,2,8.0,peak,3,55.0,0.02448228966693853,0.029410886852786044,0.04236847618066141,-0.5,0.015423417091369629,0.04041099548339844
4,0,4,2,8.0,peak,4,66.5,0.012426259735371235,0.02476272138458005,0.05728723652997674,0.0,0.006657958030700684,0.04041099548339844
4,0,4,2,8.0,valley,1,37.0,0.015873651805766963,0.010704683148510166,0.015573156522724547,0.0,0.008363425731658936,0.04041099548339844
4,0,4,2,8.0,valley,2,48.5,0.09757089880220648,0.05226854002204787,0.07015238653278796,0.0,0.1352258324623108,0.04041099548339844
4,0,4,2,8.0,valley,3,60.0,0.08363437021659943,0.07080614013358852,0.08977797572988123,0.0,0.10716915130615234,0.04041099548339844
4,0,4,2,8.0,valley,4,72.0,0.04986290756422751,0.050401125550559714,0.06367811237202911,0.0,0.07566720247268677,0.04041099548339844
4,0,5,3,10.0,peak,1,34.0,0.1055349444114369,0.03014431482787677,0.015539883554739587,-0.5,0.10913068056106567,0.0822896957397461
4,0,5,3,10.0,peak,2,44.5,0.04581068159178154,0.0280715473745941,0.02927373446091651,-0.5,0.03715717792510986,0.0822896957397461
4,0,5,3,10.0,peak,3,56.0,0.04914559715175338,0.052004372225420654,0.05190210517212193,-0.5,0.01409602165222168,0.0822896957397461
4,0,5,3,10.0,peak,4,67.5,0.03473365500578127,0.03809734375963773,0.05703969238362527,0.0,-0.006218433380126953,0.0822896957397461
4,0,5,3,10.0,valley,1,38.5,0.04879431971594117,0.027394593031084,0.02426711202560373,-0.5,0.031109154224395752,0.0822896957397461
4,0,5,3,10.0,valley,2,50.0,0.10511041401854528,0.04512095798681511,0.03935353392280343,-0.5,0.12027552723884583,0.0822896957397461
4,0,5,3,10.0,valley,3,61.5,0.06240846565990288,0.061621751730063026,0.04477648783862185,-0.5,0.026980489492416382,0.0822896957397461
4,0,5,3,10.0,valley,4,73.0,0.05601253509026517,0.05119834450614954,0.0360936695612855,0.0,-0.00047904253005981445,0.0822896957397461
4,1,1,0,0.0,peak,1,42.5,0.023591318600185155,0.00798832294361948,0.022808925785802854,0.0,0.026858925819396973,0.043396979570388794
4,1,1,0,0.0,peak,2,53.0,0.07493167971541163,0.027484724616281604,0.027878253913821,0.5,0.08630180358886719,0.043396979570388794
4,1,1,0,0.0,peak,3,64.0,0.10010649054741783,0.051898252329308114,0.03151878047729061,1.0,0.09865736961364746,0.043396979570388794
4,1,1,0,0.0,peak,4,75.5,0.06742055029146371,0.057980662562335104,0.034604416488091566,1.5,0.04647016525268555,0.043396979570388794
4,1,1,0,0.0,valley,1,44.0,0.018444686006944128,0.027626986010568875,0.023460708772704064,1.5,0.015775322914123535,0.043396979570388794
4,1,1,0,0.0,valley,2,55.5,0.06405853621040981,0.05695434287407287,0.03207420118339413,1.5,0.06757724285125732,0.043396979570388794
4,1,1,0,0.0,valley,3,67.0,0.11483196207492088,0.08266317233463262,0.04888588950241038,2.5,0.12812113761901855,0.043396979570388794
4,1,2,1,4.0,peak,1,42.5,0.03092199875957448,0.026633849289891598,0.028189429715612353,-0.5,-0.02485501766204834,0.0766105055809021
4,1,2,1,4.0,peak,2,53.5,0.03074334253682584,0.026942433856911616,0.03937707139501241,0.0,0.025782108306884766,0.0766105055809021
4,1,2,1,4.0,peak,3,65.0,0.03267133324505608,0.01650423411865884,0.03416509857493386,0.0,0.04163074493408203,0.0766105055809021
4,1,2,1,4.0,peak,4,77.0,0.018681667504798414,0.015136249080387089,0.033105779617736385,0.0,-0.004065275192260742,0.0766105055809021
4,1,2,1,4.0,valley,1,35.5,0.032545931577618654,0.02197062875239919,0.022117808155058174,-0.5,-0.0319286584854126,0.0766105055809021
4,1,2,1,4.0,valley,2,46.5,0.061228420244484286,0.03814975967816689,0.0334870600140507,0.0,0.06399846076965332,0.0766105055809021
4,1,2,1,4.0,valley,3,58.0,0.06414064438444846,0.05109484001020092,0.04840855158944875,0.0,0.08438766002655029,0.0766105055809021
4,1,2,1,4.0,valley,4,69.5,0.05400188696331689,0.05069499417905857,0.052308609090191804,0.5,0.07650887966156006,0.0766105055809021
4,1,4,2,8.0,peak,1,33.0,0.0496517317023948,0.01677672157026809,0.018934525355163108,-0.5,0.049358069896698,0.04041099548339844
4,1,4,2,8.0,peak,2,43.5,0.017747934998123643,0.01923923558671122,0.03625118600896386,0.0,0.00637662410736084,0.04041099548339844
4,1,4,2,8.0,peak,3,55.0,0.02448228966693853,0.029410886852786044,0.04236847618066141,-0.5,0.015423417091369629,0.04041099548339844
4,1,4,2,8.0,peak,4,66.5,0.012426259735371235,0.02476272138458005,0.05728723652997674,0.0,0.006657958030700684,0.04041099548339844
4,1,4,2,8.0,valley,1,37.0,0.015873651805766963,0.010704683148510166,0.015573156522724547,0.0,0.008363425731658936,0.04041099548339844
4,1,4,2,8.0,valley,2,48.5,0.09757089880220648,0.05226854002204787,0.07015238653278796,0.0,0.1352258324623108,0.04041099548339844
4,1,4,2,8.0,valley,3,60.0,0.08363437021659943,0.07080614013358852,0.08977797572988123,0.0,0.10716915130615234,0.04041099548339844
4,1,4,2,8.0,valley,4,72.0,0.04986290756422751,0.050401125550559714,0.06367811237202911,0.0,0.07566720247268677,0.04041099548339844
4,1,5,3,10.0,peak,1,34.0,0.1055349444114369,0.03014431482787677,0.015539883554739587,-0.5,0.10913068056106567,0.0822896957397461
4,1,5,3,10.0,peak,2,44.5,0.04581068159178154,0.0280715473745941,0.02927373446091651,-0.5,0.03715717792510986,0.0822896957397461
4,1,5,3,10.0,peak,3,56.0,0.04914559715175338,0.052004372225420654,0.05190210517212193,-0.5,0.01409602165222168,0.0822896957397461
4,1,5,3,10.0,peak,4,67.5,0.03473365500578127,0.03809734375963773,0.05703969238362527,0.0,-0.006218433380126953,0.0822896957397461
4,1,5,3,10.0,valley,1,38.5,0.04879431971594117,0.027394593031084,0.02426711202560373,-0.5,0.031109154224395752,0.0822896957397461
4,1,5,3,10.0,valley,2,50.0,0.10511041401854528,0.04512095798681511,0.03935353392280343,-0.5,0.12027552723884583,0.0822896957397461
4,1,5,3,10.0,valley,3,61.5,0.06240846565990288,0.061621751730063026,0.04477648783862185,-0.5,0.026980489492416382,0.0822896957397461
4,1,5,3,10.0,valley,4,73.0,0.05601253509026517,0.05119834450614954,0.0360936695612855,0.0,-0.00047904253005981445,0.0822896957397461
4,2,1,0,0.0,peak,1,42.5,0.023591318600185155,0.00798832294361948,0.022808925785802854,0.0,0.026858925819396973,0.043396979570388794
4,2,1,0,0.0,peak,2,53.0,0.07493167971541163,0.027484724616281604,0.027878253913821,0.5,0.08630180358886719,0.043396979570388794
4,2,1,0,0.0,peak,3,64.0,0.10010649054741783,0.051898252329308114,0.03151878047729061,1.0,0.09865736961364746,0.043396979570388794
4,2,1,0,0.0,peak,4,75.5,0.06742055029146371,0.057980662562335104,0.034604416488091566,1.5,0.04647016525268555,0.043396979570388794
4,2,1,0,0.0,valley,1,44.0,0.018444686006944128,0.027626986010568875,0.023460708772704064,1.5,0.015775322914123535,0.043396979570388794
4,2,1,0,0.0,valley,2,55.5,0.06405853621040981,0.05695434287407287,0.03207420118339413,1.5,0.06757724285125732,0.043396979570388794
4,2,1,0,0.0,valley,3,67.0,0.11483196207492088,0.08266317233463262,0.04888588950241038,2.5,0.12812113761901855,0.043396979570388794
4,2,2,1,4.0,peak,1,42.5,0.03092199875957448,0.026633849289891598,0.028189429715612353,-0.5,-0.02485501766204834,0.0766105055809021
4,2,2,1,4.0,peak,2,53.5,0.03074334253682584,0.026942433856911616,0.03937707139501241,0.0,0.025782108306884766,0.0766105055809021
4,2,2,1,4.0,peak,3,65.0,0.03267133324505608,0.01650423411865884,0.03416509857493386,0.0,0.04163074493408203,0.0766105055809021
4,2,2,1,4.0,peak,4,77.0,0.018681667504798414,0.015136249080387089,0.033105779617736385,0.0,-0.004065275192260742,0.0766105055809021
4,2,2,1,4.0,valley,1,35.5,0.032545931577618654,0.02197062875239919,0.022117808155058174,-0.5,-0.0319286584854126,0.0766105055809021
4,2,2,1,4.0,valley,2,46.5,0.061228420244484286,0.03814975967816689,0.0334870600140507,0.0,0.06399846076965332,0.0766105055809021
4,2,2,1,4.0,valley,3,58.0,0.06414064438444846,0.05109484001020092,0.04840855158944875,0.0,0.08438766002655029,0.0766105055809021
4,2,2,1,4.0,valley,4,69.5,0.05400188696331689,0.05069499417905857,0.052308609090191804,0.5,0.07650887966156006,0.0766105055809021
4,2,4,2,8.0,peak,1,33.0,0.0496517317023948,0.01677672157026809,0.018934525355163108,-0.5,0.049358069896698,0.04041099548339844
4,2,4,2,8.0,peak,2,43.5,0.017747934998123643,0.01923923558671122,0.03625118600896386,0.0,0.00637662410736084,0.04041099548339844
4,2,4,2,8.0,peak,3,55.0,0.02448228966693853,0.029410886852786044,0.04236847618066141,-0.5,0.015423417091369629,0.04041099548339844
4,2,4,2,8.0,peak,4,66.5,0.012426259735371235,0.02476272138458005,0.05728723652997674,0.0,0.006657958030700684,0.04041099548339844
4,2,4,2,8.0,valley,1,37.0,0.015873651805766963,0.010704683148510166,0.015573156522724547,0.0,0.008363425731658936,0.04041099548339844
4,2,4,2,8.0,valley,2,48.5,0.09757089880220648,0.05226854002204787,0.07015238653278796,0.0,0.1352258324623108,0.04041099548339844
4,2,4,2,8.0,valley,3,60.0,0.08363437021659943,0.07080614013358852,0.08977797572988123,0.0,0.10716915130615234,0.04041099548339844
4,2,4,2,8.0,valley,4,72.0,0.04986290756422751,0.050401125550559714,0.06367811237202911,0.0,0.07566720247268677,0.04041099548339844
4,2,5,3,10.0,peak,1,34.0,0.1055349444114369,0.03014431482787677,0.015539883554739587,-0.5,0.10913068056106567,0.0822896957397461
4,2,5,3,10.0,peak,2,44.5,0.04581068159178154,0.0280715473745941,0.02927373446091651,-0.5,0.03715717792510986,0.0822896957397461
4,2,5,3,10.0,peak,3,56.0,0.04914559715175338,0.052004372225420654,0.05190210517212193,-0.5,0.01409602165222168,0.0822896957397461
4,2,5,3,10.0,peak,4,67.5,0.03473365500578127,0.03809734375963773,0.05703969238362527,0.0,-0.006218433380126953,0.0822896957397461
4,2,5,3,10.0,valley,1,38.5,0.04879431971594117,0.027394593031084,0.02426711202560373,-0.5,0.031109154224395752,0.0822896957397461
4,2,5,3,10.0,valley,2,50.0,0.10511041401854528,0.04512095798681511,0.03935353392280343,-0.5,0.12027552723884583,0.0822896957397461
4,2,5,3,10.0,valley,3,61.5,0.06240846565990288,0.061621751730063026,0.04477648783862185,-0.5,0.026980489492416382,0.0822896957397461
4,2,5,3,10.0,valley,4,73.0,0.05601253509026517,0.05119834450614954,0.0360936695612855,0.0,-0.00047904253005981445,0.0822896957397461
5,0,1,0,0.0,peak,1,42.5,0.023222207100117947,0.007275600717981434,0.015650474387787938,0.0,0.027369141578674316,0.0457296222448349
5,0,1,0,0.0,peak,2,53.0,0.0742133768499706,0.025426037062847785,0.023261189842364666,0.5,0.08456754684448242,0.0457296222448349
5,0,1,0,0.0,peak,3,64.0,0.09826256143612384,0.0498094413768144,0.03184710517955205,1.0,0.099456787109375,0.0457296222448349
5,0,1,0,0.0,peak,4,75.5,0.06714216006971928,0.057540954536120514,0.040039232749947716,1.5,0.04968881607055664,0.0457296222448349
5,0,1,0,0.0,valley,1,44.0,0.01804805152576953,0.027190318967601934,0.022720616773387613,1.5,0.014003634452819824,0.0457296222448349
5,0,1,0,0.0,valley,2,55.5,0.06502116748545156,0.05664080856903071,0.03179356394783364,1.5,0.06904077529907227,0.0457296222448349
5,0,1,0,0.0,valley,3,67.0,0.11468773591384497,0.08053007227517714,0.04987706772706644,2.5,0.128983736038208,0.0457296222448349
5,0,2,1,4.0,peak,1,42.5,0.031714558474859066,0.026166148020252022,0.03224412019756364,-0.5,-0.024410128593444824,0.07825537025928497
5,0,2,1,4.0,peak,2,53.5,0.028504481231732617,0.025716354346679557,0.040361647208748415,0.0,0.016527891159057617,0.07825537025928497
5,0,2,1,4.0,peak,3,65.0,0.02745774564494316,0.014959163424719328,0.0286498361462014,0.0,0.033722877502441406,0.07825537025928497
5,0,2,1,4.0,peak,4,77.0,0.024671824115422365,0.01904893030856701,0.03932599326091836,0.0,-0.017688274383544922,0.07825537025928497
5,0,2,1,4.0,valley,1,35.5,0.03450682760074983,0.023003846774661003,0.022621716650315312,-0.5,-0.03383833169937134,0.07825537025928497
5,0,2,1,4.0,valley,2,46.5,0.06051627003489086,0.03883374572937748,0.03306204830729407,0.0,0.06256914138793945,0.07825537025928497
5,0,2,1,4.0,valley,3,58.0,0.0645145670412279,0.051948281046196386,0.049926039948582905,0.0,0.08573126792907715,0.07825537025928497
5,0,2,1,4.0,valley,4,69.5,0.060312132464439,0.05454176835705417,0.05357976304026542,0.5,0.08502674102783203,0.07825537025928497
5,0,4,2,8.0,peak,1,33.0,0.04790223012757958,0.017370680205433035,0.013811101350081257,-0.5,0.04705113172531128,0.03402090072631836
5,0,4,2,8.0,peak,2,43.5,0.01819841696263772,0.01864495514833949,0.03314015012922794,0.0,-0.0003484487533569336,0.03402090072631836
5,0,4,2,8.0,peak,3,55.0,0.023453148916489294,0.025703595394394527,0.037455295862917806,-0.5,0.006758451461791992,0.03402090072631836
5,0,4,2,8.0,peak,4,66.5,0.01803974358958193,0.019107302347994248,0.03914651354659112,0.0,0.0037728548049926758,0.03402090072631836
5,0,4,2,8.0,valley,1,37.0,0.015156452147054536,0.012201533838893917,0.016632392100240572,0.0,0.005170464515686035,0.03402090072631836
5,0,4,2,8.0,valley,2,48.5,0.09540344601196858,0.05196599137337079,0.06991469512765251,0.0,0.13273340463638306,0.03402090072631836
5,0,4,2,8.0,valley,3,60.0,0.08266273136643598,0.07188101673578941,0.09115104371108752,0.0,0.10844922065734863,0.03402090072631836
5,0,4,2,8.0,valley,4,72.0,0.05724328650456208,0.056805612430132074,0.06888787311993902,0.0,0.0845942497253418,0.03402090072631836
5,0,5,3,10.0,peak,1,34.0,0.1053675530014387,0.03115815684442437,0.01440069190892309,-0.5,0.10865086317062378,0.07045924663543701
5,0,5,3,10.0,peak,2,44.5,0.04679325588827807,0.029867423120665575,0.038679796557278955,-0.5,0.03317701816558838,0.07045924663543701
5,0,5,3,10.0,peak,3,56.0,0.047850673082493723,0.049540950128114804,0.03696128089693585,-0.5,0.0034943819046020508,0.07045924663543701
5,0,5,3,10.0,peak,4,67.5,0.04146472411711648,0.037287441939012865,0.03540702423670507,0.0,-0.011067867279052734,0.07045924663543701
5,0,5,3,10.0,valley,1,38.5,0.04959400173811273,0.029098817742815225,0.024905512749936784,-0.5,0.03065285086631775,0.07045924663543701
5,0,5,3,10.0,valley,2,50.0,0.10538125371439351,0.0457054575826413,0.03944035147704209,-0.5,0.11984172463417053,0.07045924663543701
5,0,5,3,10.0,valley,3,61.5,0.06143192946656011,0.061536566556650164,0.042286434526251145,-0.5,0.026488572359085083,0.07045924663543701
5,0,5,3,10.0,valley,4,73.0,0.04993776027422929,0.04972948169645738,0.03889493715432875,0.0,0.010258734226226807,0.07045924663543701
5,1,1,0,0.0,peak,1,42.5,0.023222207100117947,0.007275600717981434,0.015650474387787938,0.0,0.027369141578674316,0.0457296222448349
5,1,1,0,0.0,peak,2,53.0,0.0742133768499706,0.025426037062847785,0.023261189842364666,0.5,0.08456754684448242,0.0457296222448349
5,1,1,0,0.0,peak,3,64.0,0.09826256143612384,0.0498094413768144,0.03184710517955205,1.0,0.099456787109375,0.0457296222448349
5,1,1,0,0.0,peak,4,75.5,0.06714216006971928,0.057540954536120514,0.040039232749947716,1.5,0.04968881607055664,0.0457296222448349
5,1,1,0,0.0,valley,1,44.0,0.01804805152576953,0.027190318967601934,0.022720616773387613,1.5,0.014003634452819824,0.0457296222448349
5,1,1,0,0.0,valley,2,55.5,0.06502116748545156,0.05664080856903071,0.03179356394783364,1.5,0.06904077529907227,0.0457296222448349
5,1,1,0,0.0,valley,3,67.0,0.11468773591384497,0.08053007227517714,0.04987706772706644,2.5,0.128983736038208,0.0457296222448349
5,1,2,1,4.0,peak,1,42.5,0.031714558474859066,0.026166148020252022,0.03224412019756364,-0.5,-0.024410128593444824,0.07825537025928497
5,1,2,1,4.0,peak,2,53.5,0.028504481231732617,0.025716354346679557,0.040361647208748415,0.0,0.016527891159057617,0.07825537025928497
5,1,2,1,4.0,peak,3,65.0,0.02745774564494316,0.014959163424719328,0.0286498361462014,0.0,0.033722877502441406,0.07825537025928497
5,1,2,1,4.0,peak,4,77.0,0.024671824115422365,0.01904893030856701,0.03932599326091836,0.0,-0.017688274383544922,0.07825537025928497
5,1,2,1,4.0,valley,1,35.5,0.03450682760074983,0.023003846774661003,0.022621716650315312,-0.5,-0.03383833169937134,0.07825537025928497
5,1,2,1,4.0,valley,2,46.5,0.06051627003489086,0.03883374572937748,0.03306204830729407,0.0,0.06256914138793945,0.07825537025928497
5,1,2,1,4.0,valley,3,58.0,0.0645145670412279,0.051948281046196386,0.049926039948582905,0.0,0.08573126792907715,0.07825537025928497
5,1,2,1,4.0,valley,4,69.5,0.060312132464439,0.05454176835705417,0.05357976304026542,0.5,0.08502674102783203,0.07825537025928497
5,1,4,2,8.0,peak,1,33.0,0.04790223012757958,0.017370680205433035,0.013811101350081257,-0.5,0.04705113172531128,0.03402090072631836
5,1,4,2,8.0,peak,2,43.5,0.01819841696263772,0.01864495514833949,0.03314015012922794,0.0,-0.0003484487533569336,0.03402090072631836
5,1,4,2,8.0,peak,3,55.0,0.023453148916489294,0.025703595394394527,0.037455295862917806,-0.5,0.006758451461791992,0.03402090072631836
5,1,4,2,8.0,peak,4,66.5,0.01803974358958193,0.019107302347994248,0.03914651354659112,0.0,0.0037728548049926758,0.03402090072631836
5,1,4,2,8.0,valley,1,37.0,0.015156452147054536,0.012201533838893917,0.016632392100240572,0.0,0.005170464515686035,0.03402090072631836
5,1,4,2,8.0,valley,2,48.5,0.09540344601196858,0.05196599137337079,0.06991469512765251,0.0,0.13273340463638306,0.03402090072631836
5,1,4,2,8.0,valley,3,60.0,0.08266273136643598,0.07188101673578941,0.09115104371108752,0.0,0.10844922065734863,0.03402090072631836
5,1,4,2,8.0,valley,4,72.0,0.05724328650456208,0.056805612430132074,0.06888787311993902,0.0,0.0845942497253418,0.03402090072631836
5,1,5,3,10.0,peak,1,34.0,0.1053675530014387,0.03115815684442437,0.01440069190892309,-0.5,0.10865086317062378,0.07045924663543701
5,1,5,3,10.0,peak,2,44.5,0.04679325588827807,0.029867423120665575,0.038679796557278955,-0.5,0.03317701816558838,0.07045924663543701
5,1,5,3,10.0,peak,3,56.0,0.047850673082493723,0.049540950128114804,0.03696128089693585,-0.5,0.0034943819046020508,0.07045924663543701
5,1,5,3,10.0,peak,4,67.5,0.04146472411711648,0.037287441939012865,0.03540702423670507,0.0,-0.011067867279052734,0.07045924663543701
5,1,5,3,10.0,valley,1,38.5,0.04959400173811273,0.029098817742815225,0.024905512749936784,-0.5,0.03065285086631775,0.07045924663543701
5,1,5,3,10.0,valley,2,50.0,0.10538125371439351,0.0457054575826413,0.03944035147704209,-0.5,0.11984172463417053,0.07045924663543701
5,1,5,3,10.0,valley,3,61.5,0.06143192946656011,0.061536566556650164,0.042286434526251145,-0.5,0.026488572359085083,0.07045924663543701
5,1,5,3,10.0,valley,4,73.0,0.04993776027422929,0.04972948169645738,0.03889493715432875,0.0,0.010258734226226807,0.07045924663543701
5,2,1,0,0.0,peak,1,42.5,0.023222207100117947,0.007275600717981434,0.015650474387787938,0.0,0.027369141578674316,0.0457296222448349
5,2,1,0,0.0,peak,2,53.0,0.0742133768499706,0.025426037062847785,0.023261189842364666,0.5,0.08456754684448242,0.0457296222448349
5,2,1,0,0.0,peak,3,64.0,0.09826256143612384,0.0498094413768144,0.03184710517955205,1.0,0.099456787109375,0.0457296222448349
5,2,1,0,0.0,peak,4,75.5,0.06714216006971928,0.057540954536120514,0.040039232749947716,1.5,0.04968881607055664,0.0457296222448349
5,2,1,0,0.0,valley,1,44.0,0.01804805152576953,0.027190318967601934,0.022720616773387613,1.5,0.014003634452819824,0.0457296222448349
5,2,1,0,0.0,valley,2,55.5,0.06502116748545156,0.05664080856903071,0.03179356394783364,1.5,0.06904077529907227,0.0457296222448349
5,2,1,0,0.0,valley,3,67.0,0.11468773591384497,0.08053007227517714,0.04987706772706644,2.5,0.128983736038208,0.0457296222448349
5,2,2,1,4.0,peak,1,42.5,0.031714558474859066,0.026166148020252022,0.03224412019756364,-0.5,-0.024410128593444824,0.07825537025928497
5,2,2,1,4.0,peak,2,53.5,0.028504481231732617,0.025716354346679557,0.040361647208748415,0.0,0.016527891159057617,0.07825537025928497
5,2,2,1,4.0,peak,3,65.0,0.02745774564494316,0.014959163424719328,0.0286498361462014,0.0,0.033722877502441406,0.07825537025928497
5,2,2,1,4.0,peak,4,77.0,0.024671824115422365,0.01904893030856701,0.03932599326091836,0.0,-0.017688274383544922,0.07825537025928497
5,2,2,1,4.0,valley,1,35.5,0.03450682760074983,0.023003846774661003,0.022621716650315312,-0.5,-0.03383833169937134,0.07825537025928497
5,2,2,1,4.0,valley,2,46.5,0.06051627003489086,0.03883374572937748,0.03306204830729407,0.0,0.06256914138793945,0.07825537025928497
5,2,2,1,4.0,valley,3,58.0,0.0645145670412279,0.051948281046196386,0.049926039948582905,0.0,0.08573126792907715,0.07825537025928497
5,2,2,1,4.0,valley,4,69.5,0.060312132464439,0.05454176835705417,0.05357976304026542,0.5,0.08502674102783203,0.07825537025928497
5,2,4,2,8.0,peak,1,33.0,0.04790223012757958,0.017370680205433035,0.013811101350081257,-0.5,0.04705113172531128,0.03402090072631836
5,2,4,2,8.0,peak,2,43.5,0.01819841696263772,0.01864495514833949,0.03314015012922794,0.0,-0.0003484487533569336,0.03402090072631836
5,2,4,2,8.0,peak,3,55.0,0.023453148916489294,0.025703595394394527,0.037455295862917806,-0.5,0.006758451461791992,0.03402090072631836
5,2,4,2,8.0,peak,4,66.5,0.01803974358958193,0.019107302347994248,0.03914651354659112,0.0,0.0037728548049926758,0.03402090072631836
5,2,4,2,8.0,valley,1,37.0,0.015156452147054536,0.012201533838893917,0.016632392100240572,0.0,0.005170464515686035,0.03402090072631836
5,2,4,2,8.0,valley,2,48.5,0.09540344601196858,0.05196599137337079,0.06991469512765251,0.0,0.13273340463638306,0.03402090072631836
5,2,4,2,8.0,valley,3,60.0,0.08266273136643598,0.07188101673578941,0.09115104371108752,0.0,0.10844922065734863,0.03402090072631836
5,2,4,2,8.0,valley,4,72.0,0.05724328650456208,0.056805612430132074,0.06888787311993902,0.0,0.0845942497253418,0.03402090072631836
5,2,5,3,10.0,peak,1,34.0,0.1053675530014387,0.03115815684442437,0.01440069190892309,-0.5,0.10865086317062378,0.07045924663543701
5,2,5,3,10.0,peak,2,44.5,0.04679325588827807,0.029867423120665575,0.038679796557278955,-0.5,0.03317701816558838,0.07045924663543701
5,2,5,3,10.0,peak,3,56.0,0.047850673082493723,0.049540950128114804,0.03696128089693585,-0.5,0.0034943819046020508,0.07045924663543701
5,2,5,3,10.0,peak,4,67.5,0.04146472411711648,0.037287441939012865,0.03540702423670507,0.0,-0.011067867279052734,0.07045924663543701
5,2,5,3,10.0,valley,1,38.5,0.04959400173811273,0.029098817742815225,0.024905512749936784,-0.5,0.03065285086631775,0.07045924663543701
5,2,5,3,10.0,valley,2,50.0,0.10538125371439351,0.0457054575826413,0.03944035147704209,-0.5,0.11984172463417053,0.07045924663543701
5,2,5,3,10.0,valley,3,61.5,0.06143192946656011,0.061536566556650164,0.042286434526251145,-0.5,0.026488572359085083,0.07045924663543701
5,2,5,3,10.0,valley,4,73.0,0.04993776027422929,0.04972948169645738,0.03889493715432875,0.0,0.010258734226226807,0.07045924663543701
6,0,1,0,0.0,peak,1,42.5,0.022443637844290324,0.006807484773178192,0.015137561692556587,0.0,0.026247143745422363,0.04270821809768677
6,0,1,0,0.0,peak,2,53.0,0.07192414382211029,0.0243333134963468,0.022150817262581862,0.5,0.08078289031982422,0.04270821809768677
6,0,1,0,0.0,peak,3,64.0,0.09689496549040066,0.048177994514482465,0.029714352142273755,1.0,0.09963011741638184,0.04270821809768677
6,0,1,0,0.0,peak,4,75.5,0.06857704997775002,0.0579047236878343,0.03954292284489221,1.5,0.05129075050354004,0.04270821809768677
6,0,1,0,0.0,valley,1,44.0,0.018260189713468686,0.027315678459705766,0.0218022564823447,1.5,0.014903545379638672,0.04270821809768677
6,0,1,0,0.0,valley,2,55.5,0.06480214156179262,0.05756037404162323,0.03354311339492015,1.5,0.07013928890228271,0.04270821809768677
6,0,1,0,0.0,valley,3,67.0,0.11198628091174277,0.0789653330602778,0.04886037251154973,2.5,0.12593293190002441,0.04270821809768677
6,0,2,1,4.0,peak,1,42.5,0.03001959361698752,0.02520918922747599,0.02800929338515313,-0.5,-0.024535059928894043,0.07322224974632263
6,0,2,1,4.0,peak,2,53.5,0.027047005571836393,0.024266861131795565,0.038979882350505854,0.0,0.014157772064208984,0.07322224974632263
6,0,2,1,4.0,peak,3,65.0,0.028097989289536635,0.016934227765746955,0.03213580771482045,0.0,0.032989501953125,0.07322224974632263
6,0,2,1,4.0,peak,4,77.0,0.02186161080721778,0.019780994498222532,0.03859067364699513,0.0,-0.011254072189331055,0.07322224974632263
6,0,2,1,4.0,valley,1,35.5,0.03468570645477103,0.02450226309915026,0.02391864427198628,-0.5,-0.03406834602355957,0.07322224974632263
6,0,2,1,4.0,valley,2,46.5,0.06225364026460772,0.038322057436420844,0.03295244611549412,0.0,0.06378579139709473,0.07322224974632263
6,0,2,1,4.0,valley,3,58.0,0.06499079527143806,0.048848182920413166,0.04615470088577697,0.0,0.08557212352752686,0.07322224974632263
6,0,2,1,4.0,valley,4,69.5,0.06338208906194798,0.05603329742993534,0.05598138000734083,0.5,0.08979475498199463,0.07322224974632263
6,0,4,2,8.0,peak,1,33.0,0.04933080632818819,0.017645102338929075,0.01528144928324968,-0.5,0.04961729049682617,0.028458595275878906
6,0,4,2,8.0,peak,2,43.5,0.017301747455253855,0.019122971910656844,0.038544442591056584,0.0,-0.002200484275817871,0.028458595275878906
6,0,4,2,8.0,peak,3,55.0,0.02321871187798397,0.023775528599142823,0.040610669822868345,-0.5,0.000713348388671875,0.028458595275878906
6,0,4,2,8.0,peak,4,66.5,0.021716343334804537,0.020530157839502867,0.036258893528205126,0.0,0.0005831718444824219,0.028458595275878906
6,0,4,2,8.0,valley,1,37.0,0.016189153098042357,0.013942850289364749,0.01842029372833127,0.0,0.003880321979522705,0.028458595275878906
6,0,4,2,8.0,valley,2,48.5,0.09694879422603815,0.050896394555321224,0.0705384325514807,0.0,0.13419723510742188,0.028458595275878906
6,0,4,2,8.0,valley,3,60.0,0.08156762409057361,0.06674037858799196,0.08716554096340817,0.0,0.10449063777923584,0.028458595275878906
6,0,4,2,8.0,valley,4,72.0,0.06031154559644892,0.05785595751833233,0.07037060901535519,0.0,0.08845263719558716,0.028458595275878906
6,0,5,3,10.0,peak,1,34.0,0.10573259154439604,0.031713851403900206,0.01585596190526008,-0.5,0.11006784439086914,0.06735873222351074
6,0,5,3,10.0,peak,2,44.5,0.044448695132936915,0.028552494903994096,0.03498583111589193,-0.5,0.02971714735031128,0.06735873222351074
6,0,5,3,10.0,peak,3,56.0,0.048325427486035105,0.0476577357065098,0.040669377004362885,-0.5,-0.005564570426940918,0.06735873222351074
6,0,5,3,10.0,peak,4,67.5,0.04791940307569064,0.04003375123237155,0.031589369217213975,0.0,-0.0176241397857666,0.06735873222351074
6,0,5,3,10.0,valley,1,38.5,0.051053499512091816,0.03153174823946109,0.027251413262914713,-0.5,0.029830574989318848,0.06735873222351074
6,0,5,3,10.0,valley,2,50.0,0.10804150945947698,0.0470419688532827,0.03955725814103633,-0.5,0.12108117341995239,0.06735873222351074
6,0,5,3,10.0,valley,3,61.5,0.06259230773693648,0.060400465888356424,0.041546550735243236,-0.5,0.021966218948364258,0.06735873222351074
6,0,5,3,10.0,valley,4,73.0,0.04977117383161118,0.050270580264128326,0.03636081910405762,0.0,0.01279592514038086,0.06735873222351074
6,1,1,0,0.0,peak,1,42.5,0.022443637844290324,0.006807484773178192,0.015137561692556587,0.0,0.026247143745422363,0.04270821809768677
6,1,1,0,0.0,peak,2,53.0,0.07192414382211029,0.0243333134963468,0.022150817262581862,0.5,0.08078289031982422,0.04270821809768677
6,1,1,0,0.0,peak,3,64.0,0.09689496549040066,0.048177994514482465,0.029714352142273755,1.0,0.09963011741638184,0.04270821809768677
6,1,1,0,0.0,peak,4,75.5,0.06857704997775002,0.0579047236878343,0.03954292284489221,1.5,0.05129075050354004,0.04270821809768677
6,1,1,0,0.0,valley,1,44.0,0.018260189713468686,0.027315678459705766,0.0218022564823447,1.5,0.014903545379638672,0.04270821809768677
6,1,1,0,0.0,valley,2,55.5,0.06480214156179262,0.05756037404162323,0.03354311339492015,1.5,0.07013928890228271,0.04270821809768677
6,1,1,0,0.0,valley,3,67.0,0.11198628091174277,0.0789653330602778,0.04886037251154973,2.5,0.12593293190002441,0.04270821809768677
6,1,2,1,4.0,peak,1,42.5,0.03001959361698752,0.02520918922747599,0.02800929338515313,-0.5,-0.024535059928894043,0.07322224974632263
6,1,2,1,4.0,peak,2,53.5,0.027047005571836393,0.024266861131795565,0.038979882350505854,0.0,0.014157772064208984,0.07322224974632263
6,1,2,1,4.0,peak,3,65.0,0.028097989289536635,0.016934227765746955,0.03213580771482045,0.0,0.032989501953125,0.07322224974632263
6,1,2,1,4.0,peak,4,77.0,0.02186161080721778,0.019780994498222532,0.03859067364699513,0.0,-0.011254072189331055,0.07322224974632263
6,1,2,1,4.0,valley,1,35.5,0.03468570645477103,0.02450226309915026,0.02391864427198628,-0.5,-0.03406834602355957,0.07322224974632263
6,1,2,1,4.0,valley,2,46.5,0.06225364026460772,0.038322057436420844,0.03295244611549412,0.0,0.06378579139709473,0.07322224974632263
6,1,2,1,4.0,valley,3,58.0,0.06499079527143806,0.048848182920413166,0.04615470088577697,0.0,0.08557212352752686,0.07322224974632263
6,1,2,1,4.0,valley,4,69.5,0.06338208906194798,0.05603329742993534,0.05598138000734083,0.5,0.08979475498199463,0.07322224974632263
6,1,4,2,8.0,peak,1,33.0,0.04933080632818819,0.017645102338929075,0.01528144928324968,-0.5,0.04961729049682617,0.028458595275878906
6,1,4,2,8.0,peak,2,43.5,0.017301747455253855,0.019122971910656844,0.038544442591056584,0.0,-0.002200484275817871,0.028458595275878906
6,1,4,2,8.0,peak,3,55.0,0.02321871187798397,0.023775528599142823,0.040610669822868345,-0.5,0.000713348388671875,0.028458595275878906
6,1,4,2,8.0,peak,4,66.5,0.021716343334804537,0.020530157839502867,0.036258893528205126,0.0,0.0005831718444824219,0.028458595275878906
6,1,4,2,8.0,valley,1,37.0,0.016189153098042357,0.013942850289364749,0.01842029372833127,0.0,0.003880321979522705,0.028458595275878906
6,1,4,2,8.0,valley,2,48.5,0.09694879422603815,0.050896394555321224,0.0705384325514807,0.0,0.13419723510742188,0.028458595275878906
6,1,4,2,8.0,valley,3,60.0,0.08156762409057361,0.06674037858799196,0.08716554096340817,0.0,0.10449063777923584,0.028458595275878906
6,1,4,2,8.0,valley,4,72.0,0.06031154559644892,0.05785595751833233,0.07037060901535519,0.0,0.08845263719558716,0.028458595275878906
6,1,5,3,10.0,peak,1,34.0,0.10573259154439604,0.031713851403900206,0.01585596190526008,-0.5,0.11006784439086914,0.06735873222351074
6,1,5,3,10.0,peak,2,44.5,0.044448695132936915,0.028552494903994096,0.03498583111589193,-0.5,0.02971714735031128,0.06735873222351074
6,1,5,3,10.0,peak,3,56.0,0.048325427486035105,0.0476577357065098,0.040669377004362885,-0.5,-0.005564570426940918,0.06735873222351074
6,1,5,3,10.0,peak,4,67.5,0.04791940307569064,0.04003375123237155,0.031589369217213975,0.0,-0.0176241397857666,0.06735873222351074
6,1,5,3,10.0,valley,1,38.5,0.051053499512091816,0.03153174823946109,0.027251413262914713,-0.5,0.029830574989318848,0.06735873222351074
6,1,5,3,10.0,valley,2,50.0,0.10804150945947698,0.0470419688532827,0.03955725814103633,-0.5,0.12108117341995239,0.06735873222351074
6,1,5,3,10.0,valley,3,61.5,0.06259230773693648,0.060400465888356424,0.041546550735243236,-0.5,0.021966218948364258,0.06735873222351074
6,1,5,3,10.0,valley,4,73.0,0.04977117383161118,0.050270580264128326,0.03636081910405762,0.0,0.01279592514038086,0.06735873222351074
6,2,1,0,0.0,peak,1,42.5,0.022443637844290324,0.006807484773178192,0.015137561692556587,0.0,0.026247143745422363,0.04270821809768677
6,2,1,0,0.0,peak,2,53.0,0.07192414382211029,0.0243333134963468,0.022150817262581862,0.5,0.08078289031982422,0.04270821809768677
6,2,1,0,0.0,peak,3,64.0,0.09689496549040066,0.048177994514482465,0.029714352142273755,1.0,0.09963011741638184,0.04270821809768677
6,2,1,0,0.0,peak,4,75.5,0.06857704997775002,0.0579047236878343,0.03954292284489221,1.5,0.05129075050354004,0.04270821809768677
6,2,1,0,0.0,valley,1,44.0,0.018260189713468686,0.027315678459705766,0.0218022564823447,1.5,0.014903545379638672,0.04270821809768677
6,2,1,0,0.0,valley,2,55.5,0.06480214156179262,0.05756037404162323,0.03354311339492015,1.5,0.07013928890228271,0.04270821809768677
6,2,1,0,0.0,valley,3,67.0,0.11198628091174277,0.0789653330602778,0.04886037251154973,2.5,0.12593293190002441,0.04270821809768677
6,2,2,1,4.0,peak,1,42.5,0.03001959361698752,0.02520918922747599,0.02800929338515313,-0.5,-0.024535059928894043,0.07322224974632263
6,2,2,1,4.0,peak,2,53.5,0.027047005571836393,0.024266861131795565,0.038979882350505854,0.0,0.014157772064208984,0.07322224974632263
6,2,2,1,4.0,peak,3,65.0,0.028097989289536635,0.016934227765746955,0.03213580771482045,0.0,0.032989501953125,0.07322224974632263
6,2,2,1,4.0,peak,4,77.0,0.02186161080721778,0.019780994498222532,0.03859067364699513,0.0,-0.011254072189331055,0.07322224974632263
6,2,2,1,4.0,valley,1,35.5,0.03468570645477103,0.02450226309915026,0.02391864427198628,-0.5,-0.03406834602355957,0.07322224974632263
6,2,2,1,4.0,valley,2,46.5,0.06225364026460772,0.038322057436420844,0.03295244611549412,0.0,0.06378579139709473,0.07322224974632263
6,2,2,1,4.0,valley,3,58.0,0.06499079527143806,0.048848182920413166,0.04615470088577697,0.0,0.08557212352752686,0.07322224974632263
6,2,2,1,4.0,valley,4,69.5,0.06338208906194798,0.05603329742993534,0.05598138000734083,0.5,0.08979475498199463,0.07322224974632263
6,2,4,2,8.0,peak,1,33.0,0.04933080632818819,0.017645102338929075,0.01528144928324968,-0.5,0.04961729049682617,0.028458595275878906
6,2,4,2,8.0,peak,2,43.5,0.017301747455253855,0.019122971910656844,0.038544442591056584,0.0,-0.002200484275817871,0.028458595275878906
6,2,4,2,8.0,peak,3,55.0,0.02321871187798397,0.023775528599142823,0.040610669822868345,-0.5,0.000713348388671875,0.028458595275878906
6,2,4,2,8.0,peak,4,66.5,0.021716343334804537,0.020530157839502867,0.036258893528205126,0.0,0.0005831718444824219,0.028458595275878906
6,2,4,2,8.0,valley,1,37.0,0.016189153098042357,0.013942850289364749,0.01842029372833127,0.0,0.003880321979522705,0.028458595275878906
6,2,4,2,8.0,valley,2,48.5,0.09694879422603815,0.050896394555321224,0.0705384325514807,0.0,0.13419723510742188,0.028458595275878906
6,2,4,2,8.0,valley,3,60.0,0.08156762409057361,0.06674037858799196,0.08716554096340817,0.0,0.10449063777923584,0.028458595275878906
6,2,4,2,8.0,valley,4,72.0,0.06031154559644892,0.05785595751833233,0.07037060901535519,0.0,0.08845263719558716,0.028458595275878906
6,2,5,3,10.0,peak,1,34.0,0.10573259154439604,0.031713851403900206,0.01585596190526008,-0.5,0.11006784439086914,0.06735873222351074
6,2,5,3,10.0,peak,2,44.5,0.044448695132936915,0.028552494903994096,0.03498583111589193,-0.5,0.02971714735031128,0.06735873222351074
6,2,5,3,10.0,peak,3,56.0,0.048325427486035105,0.0476577357065098,0.040669377004362885,-0.5,-0.005564570426940918,0.06735873222351074
6,2,5,3,10.0,peak,4,67.5,0.04791940307569064,0.04003375123237155,0.031589369217213975,0.0,-0.0176241397857666,0.06735873222351074
6,2,5,3,10.0,valley,1,38.5,0.051053499512091816,0.03153174823946109,0.027251413262914713,-0.5,0.029830574989318848,0.06735873222351074
6,2,5,3,10.0,valley,2,50.0,0.10804150945947698,0.0470419688532827,0.03955725814103633,-0.5,0.12108117341995239,0.06735873222351074
6,2,5,3,10.0,valley,3,61.5,0.06259230773693648,0.060400465888356424,0.041546550735243236,-0.5,0.021966218948364258,0.06735873222351074
6,2,5,3,10.0,valley,4,73.0,0.04977117383161118,0.050270580264128326,0.03636081910405762,0.0,0.01279592514038086,0.06735873222351074
7,0,1,0,0.0,peak,1,42.5,0.022038787825472535,0.007005383019213051,0.015090549506205145,0.0,0.025927066802978516,0.042932480573654175
7,0,1,0,0.0,peak,2,53.0,0.07151945381235736,0.024432724513893757,0.022638887618668228,0.5,0.07956218719482422,0.042932480573654175
7,0,1,0,0.0,peak,3,64.0,0.09683464095612376,0.04781284495916002,0.02818449972396644,1.0,0.10012984275817871,0.042932480573654175
7,0,1,0,0.0,peak,4,75.5,0.0686949597300888,0.05808133720385425,0.036082722649975314,1.5,0.05138969421386719,0.042932480573654175
7,0,1,0,0.0,valley,1,44.0,0.018400209744205472,0.02765634848239665,0.02182250463021025,1.5,0.015079498291015625,0.042932480573654175
7,0,1,0,0.0,valley,2,55.5,0.06561419837192385,0.058579373324703345,0.03452781375819101,2.0,0.0719308853149414,0.042932480573654175
7,0,1,0,0.0,valley,3,67.0,0.11224055178110204,0.07933182764711268,0.049082878208117166,2.5,0.12636375427246094,0.042932480573654175
7,0,2,1,4.0,peak,1,42.5,0.03001244115535135,0.024423406240320744,0.026230365131472776,-0.5,-0.026087164878845215,0.07535116374492645
7,0,2,1,4.0,peak,2,53.5,0.025618661305575094,0.022899093447278335,0.03544205525337038,0.0,0.012173175811767578,0.07535116374492645
7,0,2,1,4.0,peak,3,65.0,0.027576086052048726,0.018525376782806104,0.03842757244469495,0.0,0.03180074691772461,0.07535116374492645
7,0,2,1,4.0,peak,4,77.0,0.021529691308533095,0.019193510564580355,0.03679884338137369,0.0,-0.012194633483886719,0.07535116374492645
7,0,2,1,4.0,valley,1,35.5,0.03485291913822877,0.025034204120878936,0.02471680349129457,-0.5,-0.034671127796173096,0.07535116374492645
7,0,2,1,4.0,valley,2,46.5,0.06124770161538863,0.03769062379614271,0.03234098822102048,0.0,0.06179392337799072,0.07535116374492645
7,0,2,1,4.0,valley,3,58.0,0.06287822074632884,0.04771190090771031,0.046293413378074626,0.0,0.08329248428344727,0.07535116374492645
7,0,2,1,4.0,valley,4,69.5,0.06252849244260483,0.054650449643629924,0.055185004703474136,0.5,0.08786523342132568,0.07535116374492645
7,0,4,2,8.0,peak,1,33.0,0.048995771129591664,0.017124265413096734,0.015664608329828807,-0.5,0.05017644166946411,0.03154492378234863
7,0,4,2,8.0,peak,2,43.5,0.016880074717762213,0.018910442853007043,0.03672338480618046,0.0,-0.003972649574279785,0.03154492378234863
7,0,4,2,8.0,peak,3,55.0,0.022782191217461303,0.023632727986950243,0.04589913279532786,-0.5,-0.001520991325378418,0.03154492378234863
7,0,4,2,8.0,peak,4,66.5,0.021419416351192416,0.02072944909070683,0.036271695616811116,0.0,-2.8133392333984375e-05,0.03154492378234863
7,0,4,2,8.0,valley,1,37.0,0.016790574695922506,0.01439405775598849,0.01776704389197663,0.0,0.003835141658782959,0.03154492378234863
7,0,4,2,8.0,valley,2,48.5,0.09624176607356452,0.04885849618323372,0.0673378837267128,0.0,0.1317111849784851,0.03154492378234863
7,0,4,2,8.0,valley,3,60.0,0.07895767434833217,0.06477712155305282,0.0867871924218615,0.0,0.10164493322372437,0.03154492378234863
7,0,4,2,8.0,valley,4,72.0,0.06027313580056521,0.055692056784776844,0.06653195843442668,0.0,0.08838474750518799,0.03154492378234863
7,0,5,3,10.0,peak,1,34.0,0.10540351061739409,0.031120842677855795,0.015399789601636819,-0.5,0.11074882745742798,0.07070064544677734
7,0,5,3,10.0,peak,2,44.5,0.04285822698005205,0.0273561149113318,0.029839456511038788,-0.5,0.02789759635925293,0.07070064544677734
7,0,5,3,10.0,peak,3,56.0,0.047222289627077134,0.04616955033844851,0.047351253108603525,-0.5,-0.007870912551879883,0.07070064544677734
7,0,5,3,10.0,peak,4,67.5,0.047049138409225456,0.03960259570893211,0.0379058662243106,0.0,-0.0182344913482666,0.07070064544677734
7,0,5,3,10.0,valley,1,38.5,0.05214786780593499,0.03238779702943239,0.02883536618749249,-0.5,0.02975177764892578,0.07070064544677734
7,0,5,3,10.0,valley,2,50.0,0.10858388328319991,0.0469856106776895,0.03996444320258792,-0.5,0.11992433667182922,0.07070064544677734
7,0,5,3,10.0,valley,3,61.5,0.06125711936742332,0.05877828755147802,0.04004727953207888,-0.5,0.018794208765029907,0.07070064544677734
7,0,5,3,10.0,valley,4,73.0,0.05073085540823524,0.05039648243808335,0.03791157759063336,0.0,0.013330161571502686,0.07070064544677734
7,1,1,0,0.0,peak,1,42.5,0.022038787825472535,0.007005383019213051,0.015090549506205145,0.0,0.025927066802978516,0.042932480573654175
7,1,1,0,0.0,peak,2,53.0,0.07151945381235736,0.024432724513893757,0.022638887618668228,0.5,0.07956218719482422,0.042932480573654175
7,1,1,0,0.0,peak,3,64.0,0.09683464095612376,0.04781284495916002,0.02818449972396644,1.0,0.10012984275817871,0.042932480573654175
7,1,1,0,0.0,peak,4,75.5,0.0686949597300888,0.05808133720385425,0.036082722649975314,1.5,0.05138969421386719,0.042932480573654175
7,1,1,0,0.0,valley,1,44.0,0.018400209744205472,0.02765634848239665,0.02182250463021025,1.5,0.015079498291015625,0.042932480573654175
7,1,1,0,0.0,valley,2,55.5,0.06561419837192385,0.058579373324703345,0.03452781375819101,2.0,0.0719308853149414,0.042932480573654175
7,1,1,0,0.0,valley,3,67.0,0.11224055178110204,0.07933182764711268,0.049082878208117166,2.5,0.12636375427246094,0.042932480573654175
7,1,2,1,4.0,peak,1,42.5,0.03001244115535135,0.024423406240320744,0.026230365131472776,-0.5,-0.026087164878845215,0.07535116374492645
7,1,2,1,4.0,peak,2,53.5,0.025618661305575094,0.022899093447278335,0.03544205525337038,0.0,0.012173175811767578,0.07535116374492645
7,1,2,1,4.0,peak,3,65.0,0.027576086052048726,0.018525376782806104,0.03842757244469495,0.0,0.03180074691772461,0.07535116374492645
7,1,2,1,4.0,peak,4,77.0,0.021529691308533095,0.019193510564580355,0.03679884338137369,0.0,-0.012194633483886719,0.07535116374492645
7,1,2,1,4.0,valley,1,35.5,0.03485291913822877,0.025034204120878936,0.02471680349129457,-0.5,-0.034671127796173096,0.07535116374492645
7,1,2,1,4.0,valley,2,46.5,0.06124770161538863,0.03769062379614271,0.03234098822102048,0.0,0.06179392337799072,0.07535116374492645
7,1,2,1,4.0,valley,3,58.0,0.06287822074632884,0.04771190090771031,0.046293413378074626,0.0,0.08329248428344727,0.07535116374492645
7,1,2,1,4.0,valley,4,69.5,0.06252849244260483,0.054650449643629924,0.055185004703474136,0.5,0.08786523342132568,0.07535116374492645
7,1,4,2,8.0,peak,1,33.0,0.048995771129591664,0.017124265413096734,0.015664608329828807,-0.5,0.05017644166946411,0.03154492378234863
7,1,4,2,8.0,peak,2,43.5,0.016880074717762213,0.018910442853007043,0.03672338480618046,0.0,-0.003972649574279785,0.03154492378234863
7,1,4,2,8.0,peak,3,55.0,0.022782191217461303,0.023632727986950243,0.04589913279532786,-0.5,-0.001520991325378418,0.03154492378234863
7,1,4,2,8.0,peak,4,66.5,0.021419416351192416,0.02072944909070683,0.036271695616811116,0.0,-2.8133392333984375e-05,0.03154492378234863
7,1,4,2,8.0,valley,1,37.0,0.016790574695922506,0.01439405775598849,0.01776704389197663,0.0,0.003835141658782959,0.03154492378234863
7,1,4,2,8.0,valley,2,48.5,0.09624176607356452,0.04885849618323372,0.0673378837267128,0.0,0.1317111849784851,0.03154492378234863
7,1,4,2,8.0,valley,3,60.0,0.07895767434833217,0.06477712155305282,0.0867871924218615,0.0,0.10164493322372437,0.03154492378234863
7,1,4,2,8.0,valley,4,72.0,0.06027313580056521,0.055692056784776844,0.06653195843442668,0.0,0.08838474750518799,0.03154492378234863
7,1,5,3,10.0,peak,1,34.0,0.10540351061739409,0.031120842677855795,0.015399789601636819,-0.5,0.11074882745742798,0.07070064544677734
7,1,5,3,10.0,peak,2,44.5,0.04285822698005205,0.0273561149113318,0.029839456511038788,-0.5,0.02789759635925293,0.07070064544677734
7,1,5,3,10.0,peak,3,56.0,0.047222289627077134,0.04616955033844851,0.047351253108603525,-0.5,-0.007870912551879883,0.07070064544677734
7,1,5,3,10.0,peak,4,67.5,0.047049138409225456,0.03960259570893211,0.0379058662243106,0.0,-0.0182344913482666,0.07070064544677734
7,1,5,3,10.0,valley,1,38.5,0.05214786780593499,0.03238779702943239,0.02883536618749249,-0.5,0.02975177764892578,0.07070064544677734
7,1,5,3,10.0,valley,2,50.0,0.10858388328319991,0.0469856106776895,0.03996444320258792,-0.5,0.11992433667182922,0.07070064544677734
7,1,5,3,10.0,valley,3,61.5,0.06125711936742332,0.05877828755147802,0.04004727953207888,-0.5,0.018794208765029907,0.07070064544677734
7,1,5,3,10.0,valley,4,73.0,0.05073085540823524,0.05039648243808335,0.03791157759063336,0.0,0.013330161571502686,0.07070064544677734
7,2,1,0,0.0,peak,1,42.5,0.022038787825472535,0.007005383019213051,0.015090549506205145,0.0,0.025927066802978516,0.042932480573654175
7,2,1,0,0.0,peak,2,53.0,0.07151945381235736,0.024432724513893757,0.022638887618668228,0.5,0.07956218719482422,0.042932480573654175
7,2,1,0,0.0,peak,3,64.0,0.09683464095612376,0.04781284495916002,0.02818449972396644,1.0,0.10012984275817871,0.042932480573654175
7,2,1,0,0.0,peak,4,75.5,0.0686949597300888,0.05808133720385425,0.036082722649975314,1.5,0.05138969421386719,0.042932480573654175
7,2,1,0,0.0,valley,1,44.0,0.018400209744205472,0.02765634848239665,0.02182250463021025,1.5,0.015079498291015625,0.042932480573654175
7,2,1,0,0.0,valley,2,55.5,0.06561419837192385,0.058579373324703345,0.03452781375819101,2.0,0.0719308853149414,0.042932480573654175
7,2,1,0,0.0,valley,3,67.0,0.11224055178110204,0.07933182764711268,0.049082878208117166,2.5,0.12636375427246094,0.042932480573654175
7,2,2,1,4.0,peak,1,42.5,0.03001244115535135,0.024423406240320744,0.026230365131472776,-0.5,-0.026087164878845215,0.07535116374492645
7,2,2,1,4.0,peak,2,53.5,0.025618661305575094,0.022899093447278335,0.03544205525337038,0.0,0.012173175811767578,0.07535116374492645
7,2,2,1,4.0,peak,3,65.0,0.027576086052048726,0.018525376782806104,0.03842757244469495,0.0,0.03180074691772461,0.07535116374492645
7,2,2,1,4.0,peak,4,77.0,0.021529691308533095,0.019193510564580355,0.03679884338137369,0.0,-0.012194633483886719,0.07535116374492645
7,2,2,1,4.0,valley,1,35.5,0.03485291913822877,0.025034204120878936,0.02471680349129457,-0.5,-0.034671127796173096,0.07535116374492645
7,2,2,1,4.0,valley,2,46.5,0.06124770161538863,0.03769062379614271,0.03234098822102048,0.0,0.06179392337799072,0.07535116374492645
7,2,2,1,4.0,valley,3,58.0,0.06287822074632884,0.04771190090771031,0.046293413378074626,0.0,0.08329248428344727,0.07535116374492645
7,2,2,1,4.0,valley,4,69.5,0.06252849244260483,0.054650449643629924,0.055185004703474136,0.5,0.08786523342132568,0.07535116374492645
7,2,4,2,8.0,peak,1,33.0,0.048995771129591664,0.017124265413096734,0.015664608329828807,-0.5,0.05017644166946411,0.03154492378234863
7,2,4,2,8.0,peak,2,43.5,0.016880074717762213,0.018910442853007043,0.03672338480618046,0.0,-0.003972649574279785,0.03154492378234863
7,2,4,2,8.0,peak,3,55.0,0.022782191217461303,0.023632727986950243,0.04589913279532786,-0.5,-0.001520991325378418,0.03154492378234863
7,2,4,2,8.0,peak,4,66.5,0.021419416351192416,0.02072944909070683,0.036271695616811116,0.0,-2.8133392333984375e-05,0.03154492378234863
7,2,4,2,8.0,valley,1,37.0,0.016790574695922506,0.01439405775598849,0.01776704389197663,0.0,0.003835141658782959,0.03154492378234863
7,2,4,2,8.0,valley,2,48.5,0.09624176607356452,0.04885849618323372,0.0673378837267128,0.0,0.1317111849784851,0.03154492378234863
7,2,4,2,8.0,valley,3,60.0,0.07895767434833217,0.06477712155305282,0.0867871924218615,0.0,0.10164493322372437,0.03154492378234863
7,2,4,2,8.0,valley,4,72.0,0.06027313580056521,0.055692056784776844,0.06653195843442668,0.0,0.08838474750518799,0.03154492378234863
7,2,5,3,10.0,peak,1,34.0,0.10540351061739409,0.031120842677855795,0.015399789601636819,-0.5,0.11074882745742798,0.07070064544677734
7,2,5,3,10.0,peak,2,44.5,0.04285822698005205,0.0273561149113318,0.029839456511038788,-0.5,0.02789759635925293,0.07070064544677734
7,2,5,3,10.0,peak,3,56.0,0.047222289627077134,0.04616955033844851,0.047351253108603525,-0.5,-0.007870912551879883,0.07070064544677734
7,2,5,3,10.0,peak,4,67.5,0.047049138409225456,0.03960259570893211,0.0379058662243106,0.0,-0.0182344913482666,0.07070064544677734
7,2,5,3,10.0,valley,1,38.5,0.05214786780593499,0.03238779702943239,0.02883536618749249,-0.5,0.02975177764892578,0.07070064544677734
7,2,5,3,10.0,valley,2,50.0,0.10858388328319991,0.0469856106776895,0.03996444320258792,-0.5,0.11992433667182922,0.07070064544677734
7,2,5,3,10.0,valley,3,61.5,0.06125711936742332,0.05877828755147802,0.04004727953207888,-0.5,0.018794208765029907,0.07070064544677734
7,2,5,3,10.0,valley,4,73.0,0.05073085540823524,0.05039648243808335,0.03791157759063336,0.0,0.013330161571502686,0.07070064544677734
8,0,1,0,0.0,peak,1,42.5,0.021660901835159393,0.007388440361919507,0.016615277835914148,0.0,0.0255582332611084,0.04284238815307617
8,0,1,0,0.0,peak,2,53.0,0.07178526377492908,0.024362761838691554,0.022589849287293146,0.5,0.08141136169433594,0.04284238815307617
8,0,1,0,0.0,peak,3,64.0,0.09688214639419153,0.047943882901920774,0.030811196546549284,1.0,0.09882116317749023,0.04284238815307617
8,0,1,0,0.0,peak,4,75.5,0.06843978852362954,0.05858202894991091,0.037055712135710746,1.5,0.04867386817932129,0.04284238815307617
8,0,1,0,0.0,valley,1,44.0,0.017969467698560747,0.027581674101862273,0.021853419377421423,1.5,0.013169407844543457,0.04284238815307617
8,0,1,0,0.0,valley,2,55.5,0.06534830004748762,0.058259110155768554,0.034850434114889424,2.0,0.07171988487243652,0.04284238815307617
8,0,1,0,0.0,valley,3,67.0,0.11213320435274939,0.07832994575381365,0.04907174019342242,2.5,0.1267096996307373,0.04284238815307617
8,0,2,1,4.0,peak,1,42.5,0.03135156826937724,0.025864490791373203,0.031107266689447848,-0.5,-0.025624752044677734,0.07504494488239288
8,0,2,1,4.0,peak,2,53.5,0.026692986816517508,0.023997436637355835,0.03778901642952836,0.0,0.013438582420349121,0.07504494488239288
8,0,2,1,4.0,peak,3,65.0,0.02642802654313924,0.016673063784945444,0.031202855989568984,0.0,0.03310704231262207,0.07504494488239288
8,0,2,1,4.0,peak,4,77.0,0.022868443188975546,0.020226890077099463,0.04114844774495141,0.0,-0.013911724090576172,0.07504494488239288
8,0,2,1,4.0,valley,1,35.5,0.03531681118200227,0.025132428242608675,0.023770797581867526,-0.5,-0.03527003526687622,0.07504494488239288
8,0,2,1,4.0,valley,2,46.5,0.05951736679124805,0.03758561552541429,0.03149205427833008,-0.5,0.06000411510467529,0.07504494488239288
8,0,2,1,4.0,valley,3,58.0,0.06263161890614397,0.04828481243327656,0.04609479713422913,0.0,0.08383512496948242,0.07504494488239288
8,0,2,1,4.0,valley,4,69.5,0.06553522281510296,0.056779659563533105,0.056456445851240225,0.5,0.09241592884063721,0.07504494488239288
8,0,4,2,8.0,peak,1,33.0,0.0468637685747242,0.017098434671035796,0.012534500715221256,-0.5,0.04691290855407715,0.03507828712463379
8,0,4,2,8.0,peak,2,43.5,0.018608094380254965,0.019206180520454905,0.03340855651707109,0.0,-0.0021535158157348633,0.03507828712463379
8,0,4,2,8.0,peak,3,55.0,0.024537861838774502,0.023750614968635352,0.03546298255523715,-0.5,0.0011823177337646484,0.03507828712463379
8,0,4,2,8.0,peak,4,66.5,0.02469077547813443,0.024272798112403213,0.04877215239269651,0.0,0.003276824951171875,0.03507828712463379
8,0,4,2,8.0,valley,1,37.0,0.01634361717333941,0.014935617817780574,0.01722189507087674,0.0,0.0022719502449035645,0.03507828712463379
8,0,4,2,8.0,valley,2,48.5,0.09233082979677745,0.048316619756844065,0.06746505162724048,0.0,0.12784135341644287,0.03507828712463379
8,0,4,2,8.0,valley,3,60.0,0.07656992227978274,0.06449439783698184,0.0875474158449969,0.0,0.0994449257850647,0.03507828712463379
8,0,4,2,8.0,valley,4,72.0,0.06295961630608185,0.05799182075020799,0.07061839545270396,0.0,0.09196871519088745,0.03507828712463379
8,0,5,3,10.0,peak,1,34.0,0.10457507593561448,0.030946378996856722,0.014238515891677904,-0.5,0.10886257886886597,0.06727886199951172
8,0,5,3,10.0,peak,2,44.5,0.04564693037373316,0.02975469310650392,0.038231384861251765,-0.5,0.03093874454498291,0.06727886199951172
8,0,5,3,10.0,peak,3,56.0,0.04832598819639144,0.0463844299573653,0.03184305560675601,-0.5,-0.0038291215896606445,0.06727886199951172
8,0,5,3,10.0,peak,4,67.5,0.049224034000552114,0.040967905838839726,0.04133507127471618,0.0,-0.01378786563873291,0.06727886199951172
8,0,5,3,10.0,valley,1,38.5,0.05229993031697686,0.03292431742672427,0.02855055703989311,-0.5,0.02918270230293274,0.06727886199951172
8,0,5,3,10.0,valley,2,50.0,0.10615551535545527,0.04682269307786695,0.03805476507470753,-0.5,0.11657151579856873,0.06727886199951172
8,0,5,3,10.0,valley,3,61.5,0.058927669315816215,0.0562636397437371,0.03724619115458558,-0.5,0.014364749193191528,0.06727886199951172
8,0,5,3,10.0,valley,4,73.0,0.048500060887684805,0.04989622859396035,0.03626239125240534,0.0,0.017718374729156494,0.06727886199951172
8,1,1,0,0.0,peak,1,42.5,0.021660901835159393,0.007388440361919507,0.016615277835914148,0.0,0.0255582332611084,0.04284238815307617
8,1,1,0,0.0,peak,2,53.0,0.07178526377492908,0.024362761838691554,0.022589849287293146,0.5,0.08141136169433594,0.04284238815307617
8,1,1,0,0.0,peak,3,64.0,0.09688214639419153,0.047943882901920774,0.030811196546549284,1.0,0.09882116317749023,0.04284238815307617
8,1,1,0,0.0,peak,4,75.5,0.06843978852362954,0.05858202894991091,0.037055712135710746,1.5,0.04867386817932129,0.04284238815307617
8,1,1,0,0.0,valley,1,44.0,0.017969467698560747,0.027581674101862273,0.021853419377421423,1.5,0.013169407844543457,0.04284238815307617
8,1,1,0,0.0,valley,2,55.5,0.06534830004748762,0.058259110155768554,0.034850434114889424,2.0,0.07171988487243652,0.04284238815307617
8,1,1,0,0.0,valley,3,67.0,0.11213320435274939,0.07832994575381365,0.04907174019342242,2.5,0.1267096996307373,0.04284238815307617
8,1,2,1,4.0,peak,1,42.5,0.03135156826937724,0.025864490791373203,0.031107266689447848,-0.5,-0.025624752044677734,0.07504494488239288
8,1,2,1,4.0,peak,2,53.5,0.026692986816517508,0.023997436637355835,0.03778901642952836,0.0,0.013438582420349121,0.07504494488239288
8,1,2,1,4.0,peak,3,65.0,0.02642802654313924,0.016673063784945444,0.031202855989568984,0.0,0.03310704231262207,0.07504494488239288
8,1,2,1,4.0,peak,4,77.0,0.022868443188975546,0.020226890077099463,0.04114844774495141,0.0,-0.013911724090576172,0.07504494488239288
8,1,2,1,4.0,valley,1,35.5,0.03531681118200227,0.025132428242608675,0.023770797581867526,-0.5,-0.03527003526687622,0.07504494488239288
8,1,2,1,4.0,valley,2,46.5,0.05951736679124805,0.03758561552541429,0.03149205427833008,-0.5,0.06000411510467529,0.07504494488239288
8,1,2,1,4.0,valley,3,58.0,0.06263161890614397,0.04828481243327656,0.04609479713422913,0.0,0.08383512496948242,0.07504494488239288
8,1,2,1,4.0,valley,4,69.5,0.06553522281510296,0.056779659563533105,0.056456445851240225,0.5,0.09241592884063721,0.07504494488239288
8,1,4,2,8.0,peak,1,33.0,0.0468637685747242,0.017098434671035796,0.012534500715221256,-0.5,0.04691290855407715,0.03507828712463379
8,1,4,2,8.0,peak,2,43.5,0.018608094380254965,0.019206180520454905,0.03340855651707109,0.0,-0.0021535158157348633,0.03507828712463379
8,1,4,2,8.0,peak,3,55.0,0.024537861838774502,0.023750614968635352,0.03546298255523715,-0.5,0.0011823177337646484,0.03507828712463379
8,1,4,2,8.0,peak,4,66.5,0.02469077547813443,0.024272798112403213,0.04877215239269651,0.0,0.003276824951171875,0.03507828712463379
8,1,4,2,8.0,valley,1,37.0,0.01634361717333941,0.014935617817780574,0.01722189507087674,0.0,0.0022719502449035645,0.03507828712463379
8,1,4,2,8.0,valley,2,48.5,0.09233082979677745,0.048316619756844065,0.06746505162724048,0.0,0.12784135341644287,0.03507828712463379
8,1,4,2,8.0,valley,3,60.0,0.07656992227978274,0.06449439783698184,0.0875474158449969,0.0,0.0994449257850647,0.03507828712463379
8,1,4,2,8.0,valley,4,72.0,0.06295961630608185,0.05799182075020799,0.07061839545270396,0.0,0.09196871519088745,0.03507828712463379
8,1,5,3,10.0,peak,1,34.0,0.10457507593561448,0.030946378996856722,0.014238515891677904,-0.5,0.10886257886886597,0.06727886199951172
8,1,5,3,10.0,peak,2,44.5,0.04564693037373316,0.02975469310650392,0.038231384861251765,-0.5,0.03093874454498291,0.06727886199951172
8,1,5,3,10.0,peak,3,56.0,0.04832598819639144,0.0463844299573653,0.03184305560675601,-0.5,-0.0038291215896606445,0.06727886199951172
8,1,5,3,10.0,peak,4,67.5,0.049224034000552114,0.040967905838839726,0.04133507127471618,0.0,-0.01378786563873291,0.06727886199951172
8,1,5,3,10.0,valley,1,38.5,0.05229993031697686,0.03292431742672427,0.02855055703989311,-0.5,0.02918270230293274,0.06727886199951172
8,1,5,3,10.0,valley,2,50.0,0.10615551535545527,0.04682269307786695,0.03805476507470753,-0.5,0.11657151579856873,0.06727886199951172
8,1,5,3,10.0,valley,3,61.5,0.058927669315816215,0.0562636397437371,0.03724619115458558,-0.5,0.014364749193191528,0.06727886199951172
8,1,5,3,10.0,valley,4,73.0,0.048500060887684805,0.04989622859396035,0.03626239125240534,0.0,0.017718374729156494,0.06727886199951172
8,2,1,0,0.0,peak,1,42.5,0.021660901835159393,0.007388440361919507,0.016615277835914148,0.0,0.0255582332611084,0.04284238815307617
8,2,1,0,0.0,peak,2,53.0,0.07178526377492908,0.024362761838691554,0.022589849287293146,0.5,0.08141136169433594,0.04284238815307617
8,2,1,0,0.0,peak,3,64.0,0.09688214639419153,0.047943882901920774,0.030811196546549284,1.0,0.09882116317749023,0.04284238815307617
8,2,1,0,0.0,peak,4,75.5,0.06843978852362954,0.05858202894991091,0.037055712135710746,1.5,0.04867386817932129,0.04284238815307617
8,2,1,0,0.0,valley,1,44.0,0.017969467698560747,0.027581674101862273,0.021853419377421423,1.5,0.013169407844543457,0.04284238815307617
8,2,1,0,0.0,valley,2,55.5,0.06534830004748762,0.058259110155768554,0.034850434114889424,2.0,0.07171988487243652,0.04284238815307617
8,2,1,0,0.0,valley,3,67.0,0.11213320435274939,0.07832994575381365,0.04907174019342242,2.5,0.1267096996307373,0.04284238815307617
8,2,2,1,4.0,peak,1,42.5,0.03135156826937724,0.025864490791373203,0.031107266689447848,-0.5,-0.025624752044677734,0.07504494488239288
8,2,2,1,4.0,peak,2,53.5,0.026692986816517508,0.023997436637355835,0.03778901642952836,0.0,0.013438582420349121,0.07504494488239288
8,2,2,1,4.0,peak,3,65.0,0.02642802654313924,0.016673063784945444,0.031202855989568984,0.0,0.03310704231262207,0.07504494488239288
8,2,2,1,4.0,peak,4,77.0,0.022868443188975546,0.020226890077099463,0.04114844774495141,0.0,-0.013911724090576172,0.07504494488239288
8,2,2,1,4.0,valley,1,35.5,0.03531681118200227,0.025132428242608675,0.023770797581867526,-0.5,-0.03527003526687622,0.07504494488239288
8,2,2,1,4.0,valley,2,46.5,0.05951736679124805,0.03758561552541429,0.03149205427833008,-0.5,0.06000411510467529,0.07504494488239288
8,2,2,1,4.0,valley,3,58.0,0.06263161890614397,0.04828481243327656,0.04609479713422913,0.0,0.08383512496948242,0.07504494488239288
8,2,2,1,4.0,valley,4,69.5,0.06553522281510296,0.056779659563533105,0.056456445851240225,0.5,0.09241592884063721,0.07504494488239288
8,2,4,2,8.0,peak,1,33.0,0.0468637685747242,0.017098434671035796,0.012534500715221256,-0.5,0.04691290855407715,0.03507828712463379
8,2,4,2,8.0,peak,2,43.5,0.018608094380254965,0.019206180520454905,0.03340855651707109,0.0,-0.0021535158157348633,0.03507828712463379
8,2,4,2,8.0,peak,3,55.0,0.024537861838774502,0.023750614968635352,0.03546298255523715,-0.5,0.0011823177337646484,0.03507828712463379
8,2,4,2,8.0,peak,4,66.5,0.02469077547813443,0.024272798112403213,0.04877215239269651,0.0,0.003276824951171875,0.03507828712463379
8,2,4,2,8.0,valley,1,37.0,0.01634361717333941,0.014935617817780574,0.01722189507087674,0.0,0.0022719502449035645,0.03507828712463379
8,2,4,2,8.0,valley,2,48.5,0.09233082979677745,0.048316619756844065,0.06746505162724048,0.0,0.12784135341644287,0.03507828712463379
8,2,4,2,8.0,valley,3,60.0,0.07656992227978274,0.06449439783698184,0.0875474158449969,0.0,0.0994449257850647,0.03507828712463379
8,2,4,2,8.0,valley,4,72.0,0.06295961630608185,0.05799182075020799,0.07061839545270396,0.0,0.09196871519088745,0.03507828712463379
8,2,5,3,10.0,peak,1,34.0,0.10457507593561448,0.030946378996856722,0.014238515891677904,-0.5,0.10886257886886597,0.06727886199951172
8,2,5,3,10.0,peak,2,44.5,0.04564693037373316,0.02975469310650392,0.038231384861251765,-0.5,0.03093874454498291,0.06727886199951172
8,2,5,3,10.0,peak,3,56.0,0.04832598819639144,0.0463844299573653,0.03184305560675601,-0.5,-0.0038291215896606445,0.06727886199951172
8,2,5,3,10.0,peak,4,67.5,0.049224034000552114,0.040967905838839726,0.04133507127471618,0.0,-0.01378786563873291,0.06727886199951172
8,2,5,3,10.0,valley,1,38.5,0.05229993031697686,0.03292431742672427,0.02855055703989311,-0.5,0.02918270230293274,0.06727886199951172
8,2,5,3,10.0,valley,2,50.0,0.10615551535545527,0.04682269307786695,0.03805476507470753,-0.5,0.11657151579856873,0.06727886199951172
8,2,5,3,10.0,valley,3,61.5,0.058927669315816215,0.0562636397437371,0.03724619115458558,-0.5,0.014364749193191528,0.06727886199951172
8,2,5,3,10.0,valley,4,73.0,0.048500060887684805,0.04989622859396035,0.03626239125240534,0.0,0.017718374729156494,0.06727886199951172
